post_content,post_url,requirement_type,waste_category,waste_category_name,poster_name,poster_designation,poster_company
"Waste Management Demand The growing global concern over waste disposal methods underscores the necessity for effective solutions. Oman, like many countries, grapples with increasing waste",https://www.linkedin.com/posts/manah-hydrogen_waste-management-demand-the-growing-global-activity-7229619196152664064-dod6,demand,H,Other Non-Hazardous Waste,,,
"Waste Management Market Increasing Demand, Growth Analysis and Future Outlook by 2030 | Biffa Plc, Clean Harbors",https://www.linkedin.com/posts/tony-graves-3b738413_waste-management-market-increasing-demand-activity-7138336454623068160-peYt,demand,H,Other Non-Hazardous Waste,,,
"Here is the published version of our paper, co-authored with Asoo Vakharia, on efficient waste management. https://lnkd.in/ghytRFzw #wastemanagementâ€¦ | 33 comments on LinkedIn",https://www.linkedin.com/posts/prashantch_the-waste-management-supply-chain-a-decision-activity-7046095514118848513-qzKt,demand,H,Other Non-Hazardous Waste,,,
"Waste Management Definition: Waste management involves the collection, transportation, processing, recycling, and disposal of waste materials in a manner that is environmentally friendly, socially",https://www.linkedin.com/posts/babalola-vincent-56409716b_waste-management-a-must-for-todays-industries-activity-7241743416638754817-ckYl,demand,H,Other Non-Hazardous Waste,,,
"Here is a comprehensive guide to waste disposal management. Waste Segregation at Source: Encourage households, businesses, and institutions to segregate waste at the source into categories like",https://www.linkedin.com/posts/water-life-book_waste-disposal-management-is-a-critical-aspect-activity-7153234512317956096-vZzr,demand,H,Other Non-Hazardous Waste,,,
"By partnering with Waste Disposal Group, you can benefit from our extensive knowledge and experience in industrial waste management. We offer a wide range of services, including waste collection",https://www.linkedin.com/posts/wastedisposalgroup_why-effective-industrial-waste-management-activity-7164255274738917376-oqkc,demand,H,Other Non-Hazardous Waste,,,
"The game is changing , waste generators and waste management companies are walking together to create circular experiences and secondary raw material supply chains.",https://www.linkedin.com/posts/umutcanduman_from-waste-to-resource-how-the-supply-chain-activity-7243615003243626496-5vwR,supply,H,Other Non-Hazardous Waste,,,
"Waste management is one of the crucial aspects of our sustainability policy. There are three cornerstones: prevention of waste creation, collection of recyclable materials and proper disposal of",https://www.linkedin.com/posts/farrukhiqbal-hanken_talking-supply-chain-waste-management-in-activity-7205237454977527808-4qD9,demand,H,Other Non-Hazardous Waste,,,
"The potential for AI to reduce waste in supply chains is immense, as it can help companies optimize their processes, predict demand more accurately, and make data-driven decisions.",https://www.linkedin.com/posts/supply-day-360_four-ways-ai-can-help-reduce-waste-in-your-activity-7196593211346243584-jqCW,supply,H,Other Non-Hazardous Waste,,,
"Transforming waste into value! ğŸ”„â™»ï¸ Discover how Peeco Polytech's plastic recycling process turns PIR and PCR waste into high-quality recycled compounds, contributing to a sustainable future.",https://www.linkedin.com/posts/fresh2o-eco_a-great-diagram-coming-from-oced-organisation-activity-7222640370805870592-dcGt,demand,A,Plastic Waste,,,
Exploring the Impact of Recycling on Demand-Supply Balance of Critical Materials in Green Transition: A Dynamic Multi-Regional Waste Input-Output Analysis pubs.acs.org 55 3 Comments,https://www.linkedin.com/posts/burak-sen-a8462926_exploring-the-impact-of-recycling-on-demandsupply-activity-7093898154739154945-FGkE,supply,H,Other Non-Hazardous Waste,,,
"""The organization last week published a ""Guide to Increasing Recycling Supply,"" a resource for stakeholders across the recycling chain. It lays out a number ofâ€¦",https://www.linkedin.com/posts/matthewgawn_recycling-council-emphasizes-importance-of-activity-7224343424898899968-Rwi-,supply,H,Other Non-Hazardous Waste,,,
"This study exemplifies how model integration can enhance our understanding and provide insights into the future demand, recycling potentials, and potential bottlenecks of critical materials in the",https://www.linkedin.com/posts/simone-della-bella-6b6614111_exploring-the-impact-of-recycling-on-demandsupply-activity-7087445578636214272-6409,demand,H,Other Non-Hazardous Waste,,,
"What makes us particularly proud is that we were among the few companies listed in waste management and recycling. â™» We are grateful to our team, whose hard work and dedication have contributed",https://www.linkedin.com/posts/caneicorp_dynamics-of-the-plastics-market-in-2028-activity-7206668158349258753-ZF7S,demand,H,Other Non-Hazardous Waste,,,
This adaptation can improve recycling rates and reduce waste! Join us in applauding Craig Jeter for his leadership and commitment to making Baltimore a leading example in sustainable waste management.,https://www.linkedin.com/posts/research-recycling_supply-chain-working-group-scwg-activity-7212898801030754304-wiOe,demand,H,Other Non-Hazardous Waste,,,
"Globally, resource consumption significantly outstrips supply and has resulted in an exponential increase in waste generation, with over 2 billion tonnes of waste now being produced annually and",https://www.linkedin.com/posts/jessie-wilson-075a5512a_strategic-focus-waste-management-and-recycling-activity-7188501067297357826-dG76,supply,H,Other Non-Hazardous Waste,,,
"The Global E-Waste Statistics Partnership (GESP) estimated that in 2019, only 17.4% of e-waste produced reached recycling facilities or was formally managed. â™» According to the WHO, the proper",https://www.linkedin.com/posts/sampsonkelly_10-future-trends-in-e-waste-recycling-activity-7203749159827304449-TjZv,demand,B,E-waste,,,
"Things like reducing your carbon footprint, using technology for improved reporting across the supply chain for your business and optimizing waste management at all levels can be smart moves to",https://www.linkedin.com/posts/roadrunner-modern-waste-and-recycling_5-ways-to-reduce-supply-chain-waste-and-embrace-activity-7160678538084306944-PfUi,supply,H,Other Non-Hazardous Waste,,,
"Transforming waste into value! ğŸ”„â™»ï¸ Discover how Peeco Polytech's plastic recycling process turns PIR and PCR waste into high-quality recycled compounds, contributing to a sustainable future.",https://www.linkedin.com/posts/fresh2o-eco_a-great-diagram-coming-from-oced-organisation-activity-7222640370805870592-dcGt,demand,A,Plastic Waste,,,
"Reducing Waste and Promoting Recycling: â™»ï¸ Patagonia's ""Worn Wear"" program encourages customers to buy used products, repair gear, and recycle old items, significantly reducing waste and the",https://www.linkedin.com/posts/esgap-llp_sustainability-wastemanagement-recycling-activity-7201621729339744256-uLsM,demand,H,Other Non-Hazardous Waste,,,
#Hazardous_Waste_Management Market Projections Indicate Moderate CAGR from 2023 to 2032 https://lnkd.in/ddNasXzy Hazardous Waste Management Hazardous Wasteâ€¦,https://www.linkedin.com/posts/aniket-sharma-37903b165_hazardouswastemanagement-hazardouswastemanagement-activity-7166394194092015617-_i9D,demand,H,Other Non-Hazardous Waste,,,
"8.Hazardous Waste Management: Hazardous waste, such as chemicals and toxins, requires special handling and disposal procedures to prevent environmental contamination and health risks.",https://www.linkedin.com/posts/amr-h-salem-1708b935_waste-processing-plants-its-not-a-one-size-fits-all-activity-7219346619454898177-TxLo,demand,G,Other Hazardous Waste,,,
"Hazardous waste management can be daunting for businesses, lots of businesses are typically unsure on how to deal with hazardous waste. From advice toâ€¦",https://www.linkedin.com/posts/cawleys-waste-&-resource-management_hazardous-waste-management-can-be-daunting-activity-7166809232074354689-6twj,demand,H,Other Non-Hazardous Waste,,,
"Here is the published version of our paper, co-authored with Asoo Vakharia, on efficient waste management. https://lnkd.in/ghytRFzw #wastemanagementâ€¦ | 33 comments on LinkedIn",https://www.linkedin.com/posts/prashantch_the-waste-management-supply-chain-a-decision-activity-7046095514118848513-qzKt,demand,H,Other Non-Hazardous Waste,,,
"Hazardous Waste: Materials such as chemicals, batteries, and electronic waste that pose environmental or health risks. 4. Organic Waste: Biodegradable waste like yard trimmings and food waste",https://www.linkedin.com/posts/amberkumarjain_is-e-waste-waste-recently-i-got-a-query-activity-7134971928762535936-E4AN,demand,B,E-waste,,,
"A hazardous waste audit is an organized evaluation of the creation, management, storage, and disposal practices of hazardous wastes inside a company. Itâ€¦",https://www.linkedin.com/posts/mitra-sk-environmental-services_case-study-of-hazardous-waste-audit-in-a-activity-7221113538881196033-UF0t,demand,H,Other Non-Hazardous Waste,,,
"As a pioneer in the development of pneumatic waste systems in Brisbane and across Australia, Peter and his business partner have been instrumental in revolutionising waste management practices.",https://www.linkedin.com/posts/jordan-stoward-8aa21b11b_wastemanagement-hazardouswaste-sustainability-activity-7231871646016413696-GbwO,demand,A,Plastic Waste,,,
"We keep both hazardous and non-hazardous waste in check while turning both into sustainable resources. Plus, we lead the way in compliance and safety, ensuring a cleaner, greener world for all",https://www.linkedin.com/posts/red-industries_red-industries-waste-management-hazardous-activity-7126118448350294016-njhl,demand,H,Other Non-Hazardous Waste,,,
"Waste management is one of the crucial aspects of our sustainability policy. There are three cornerstones: prevention of waste creation, collection of recyclable materials and proper disposal of",https://www.linkedin.com/posts/farrukhiqbal-hanken_talking-supply-chain-waste-management-in-activity-7205237454977527808-4qD9,demand,H,Other Non-Hazardous Waste,,,
The future of sustainable e-waste management is promising thanks to emerging trends in recycling practices. Technological innovations and increased awareness about the environmental impacts of,https://www.linkedin.com/posts/ecoverva_the-role-of-e-waste-recycling-in-sustainable-activity-7162472731597234176-Dx8_,demand,B,E-waste,,,
We understand the demand for reliable supplies in the waste management industry. Transporting waste materials to and from landfills can cause significant wearâ€¦,https://www.linkedin.com/posts/actionsupplyinc_we-understand-the-demand-for-reliable-supplies-activity-7166433674840801280-4iPT,demand,H,Other Non-Hazardous Waste,,,
"Prashant Chintapalli on LinkedIn: The waste management supply chain: A decision framework | 33 comments The Industrial Waste Recycling and Services Market involves the processes, technologies, and services focused on the management, recycling, and disposal of industrial waste. â€¢ Covanta Holding Ltd â€¢ Sembcorp Industries Ltd â€¢ Stericycle â€¢ Daiseki Co Ltd â€¢ EnviroServ Waste Management (Pty) Ltd â€¢ Clean Harbors â€¢ Attero â€¢ ALBA Global Industrial Waste Recycling and Services Market: By #Type â€¢ Hazardous â€¢ Non-hazardous Global Industrial Waste Recycling and Services Market: By #Application â€¢ Municipal â€¢ Industrial â€¢ Others ğ‚ğ¥ğ¢ğœğ¤ ğ‡ğğ«ğ ğ­ğ¨ ğ†ğğ­ ğğ®ğ«ğœğ¡ğšğ¬ğ ğ‘ğğ©ğ¨ğ«ğ­ https://lnkd.in/egQsXKjW âœ… ğ…ğ¨ğ¥ğ¥ğ¨ğ°-Stringent Datalytics - Information Technology #IndustrialRecycling #WasteManagement #CircularEconomy #Sustainability #GreenManufacturing #WasteToEnergy #HazardousWaste #EnvironmentalSustainability",https://www.linkedin.com/posts/prashantch_the-waste-management-supply-chain-a-decision-activity-7046095514118848513-qzKt,supply,H,Other Non-Hazardous Waste,,,
From Waste to Resource: How the Supply Chain is Evolving in Waste Management Sector Umutcan Duman on LinkedIn,https://www.linkedin.com/posts/kevin-bernard-63633843_from-waste-to-resource-how-the-supply-chain-activity-7243685541974568961-4E9A,supply,H,Other Non-Hazardous Waste,,,
"Farrukh Iqbal on LinkedIn: Talking Supply Chain: Waste management in an era of sustainability [Skip to main content](https://www.linkedin.com/posts/farrukhiqbal-hanken_talking-supply-chain-waste-management-in-activity-7205237454977527808-4qD9#main-content) Good food for thought: Waste Management in an era of Sustainability. ### Talking Supply Chain: Waste management in an era of sustainability ğŸ‘‰ We spoke to Todd Mathes, CEO at one of the US' largest food waste diversion firms Denali, about the food waste recycling landscape, new emerging trends and technologies in reduction of waste, circularity, and how businesses' attitudes are shifting from 'box-ticking' to making sustainability an important part of business decision-making. Everestâ€™s programs are designed to equip professionals with the tools to tackle such pressing global issues through effective waste management practices, circular economy initiatives, and sustainable growth models. Waste management is one of the crucial aspects of our sustainability policy.",https://www.linkedin.com/posts/farrukhiqbal-hanken_talking-supply-chain-waste-management-in-activity-7205237454977527808-4qD9,supply,H,Other Non-Hazardous Waste,,,
"Waste Management Definition: Waste management involves the collection, transportation, processing, recycling, and disposal of waste materials in a manner that is environmentally friendly, socially",https://www.linkedin.com/posts/babalola-vincent-56409716b_waste-management-a-must-for-todays-industries-activity-7241743416638754817-ckYl,demand,H,Other Non-Hazardous Waste,,,
"The game is changing , waste generators and waste management companies are walking together to create circular experiences and secondary raw material supply chains.",https://www.linkedin.com/posts/umutcanduman_from-waste-to-resource-how-the-supply-chain-activity-7243615003243626496-5vwR,supply,H,Other Non-Hazardous Waste,,,
"Our CEO & President, Ray Hatch, joined Supply Chain Management Review Magazine's Talking Supply Chain podcast. We discuss the role waste/recycling managementâ€¦",https://www.linkedin.com/posts/quest-resource-management-group_talking-supply-chain-waste-management-in-activity-7204549182156673024-yciO,supply,H,Other Non-Hazardous Waste,,,
"The potential for AI to reduce waste in supply chains is immense, as it can help companies optimize their processes, predict demand more accurately, and make data-driven decisions",https://www.linkedin.com/posts/andrea-sheets_four-ways-ai-can-help-reduce-waste-in-your-activity-7195128038831927296-EWxB,supply,H,Other Non-Hazardous Waste,,,
"Waste is an inevitable by-product of any process, including life processes. So, what is our responsibility towards the waste that we generate?",https://www.linkedin.com/posts/prashantch_the-waste-management-supply-chain-a-decision-activity-7028015499804348416-yMad,demand,H,Other Non-Hazardous Waste,,,
"ğŸŒŸ Optimizing Supply Chain Efficiency: Key Metrics and Formulas ğŸŒŸ In supply management, having the right tools and knowledge is crucial for streamlining operations and maximizing efficiency.",https://www.linkedin.com/posts/marciadwilliams_wheres-the-waste-in-supply-chain-is-activity-7209195836382085123-r_60,supply,H,Other Non-Hazardous Waste,,,
