Post_Content,Requirement_Category,Poster_Name,Poster_Designation,Poster_Company,Post_URL,Collection_Timestamp
"We're open for business! For any waste management requirements, please contact us on the number below and one of our team will be happy to assist.",G-Other Hazardous Waste,Jonny Purse's Post,,,https://www.linkedin.com/posts/jonny-purse-a2b8a113a_were-open-for-business-for-any-waste-activity-7150192042952851456-Kd1L,2024-11-23 23:43:13
Addition of food loss and waste management requirements to FSSC 22000 version 6 shows a bigger focus on being sustainable. This fits with FSSC's goal of ...,G-Other Hazardous Waste,New Tech and Collaborations at Walmart and Sam's Club ...,,,https://www.linkedin.com/posts/walmart_new-tech-and-collaborations-at-walmart-and-activity-7223735684430245890-lZoZ,2024-11-23 23:43:13
"Businesses with over 10 employees must comply with new waste management requirements, including separating food waste, mixed recycling, and general waste.",G-Other Hazardous Waste,Igors Gorkins on LinkedIn: ü§©Thank you very much!ü§©,,,https://www.linkedin.com/posts/igorsgor_thank-you-very-much-activity-7161713385158393857-_U5a,2024-11-23 23:43:13
"E360S offers businesses and institutions a comprehensive solution for managing both hazardous and non-hazardous liquid waste, serving as a convenient‚Ä¶",B-E-waste,Post de Environmental 360 Solutions,,,https://fr.linkedin.com/posts/environmental-360-solutions_e360s-e360s-activity-7199790547371245568-4L8t,2024-11-23 23:43:37
Plastics multiplies the value of oil by 8 or more times so it's not surprising that pushing back on plastic will encounter considerable resistance.,A-Plastic Waste,Alastair Marsh,Morgan Stanley to tackle plastic waste,,https://www.linkedin.com/posts/alastair-marsh-96526912_morgan-stanley-quietly-walks-away-from-plastics-activity-7237403552078262273-ickO,2024-11-23 23:43:21
This worldwide initiative enables millions to contribute to solving the plastic pollution problem. Plastic production waste is increasing at rapid rates.,A-Plastic Waste,Innovation News Network's Post,,,https://www.linkedin.com/posts/innovation-news-network_plasticfreejuly-plasticwaste-plastic-activity-7214180788752318465-3jCU,2024-11-23 23:43:21
The latest report published by Roland Berger provides an outlook on Global Plastic Waste Management in the context of municipal solid waste management.,A-Plastic Waste,Aduro Clean Technologies Inc. posted on the topic,,,https://www.linkedin.com/posts/adurocleantech_plastic-waste-revolution-activity-7201206312309825536-VZ0Y,2024-11-23 23:43:22
"I found that supermarkets package individual vegetables in plastic bags to extend shelf life, ensure hygiene, provide convenience to consumers, include branding ...",A-Plastic Waste,Vojtech Vegh's Post,foodwaste #plasticwaste #banana,,https://www.linkedin.com/posts/vojtechvegh_foodwaste-plasticwaste-banana-activity-7232340763831930882-7f6B,2024-11-23 23:43:22
"üó£Ô∏è""recycling ‚â† sustainability"" üó£Ô∏è""the best waste is no waste"" Agree.. But what about our current (and near future) reality, overflowing with (plastic) waste?",A-Plastic Waste,Robin Dufek's Post,,,https://www.linkedin.com/posts/robin-dufek_plasticwaste-recycling-wastemanagement-activity-7166806440047804416-N2Tn,2024-11-23 23:43:22
"From 2000 to 2019, global plastic waste generation more than doubled, reaching a staggering 353 million tonnes. Single-use plastic (SUP) packaging now ...",A-Plastic Waste,Plantloop Biotech's Post,,,https://www.linkedin.com/posts/plantloop-biotech_sustainablefuture-plasticwaste-environmentalaction-activity-7244416553226567681-A2KT,2024-11-23 23:43:22
"The Ending Plastic Waste Symposium is a milestone in the battle against plastic pollution. You're invited to join 300 impactful people from industry, ...",A-Plastic Waste,"CSIRO on LinkedIn: Wrap it up, plastic waste ...",,,https://www.linkedin.com/posts/csiro_wrap-it-up-plastic-waste-the-ending-activity-7219279699217141760-H9Nh,2024-11-23 23:43:22
"New research has found that a staggering 220 million tonnes of plastic waste is set to be generated in 2024, marking a 7.11% increase since 2021. The ...",A-Plastic Waste,220 million tonnes of plastic waste will be created in 2024,,,https://www.linkedin.com/posts/pradip-burman_220-million-tonnes-of-plastic-waste-will-activity-7184527319724634113-FkYO,2024-11-23 23:43:22
"46% of plastic waste ends up in landfills, 22% becomes litter, 17% is incinerated, and only 15% is collected for recycling, with less than 9% effectively ...",A-Plastic Waste,Lone Veirup,700 million plastic bottles,,https://www.linkedin.com/posts/lone-veirup-30636312_700-million-plastic-bottles-we-worked-out-activity-7250256905716023296-YZFc,2024-11-23 23:43:22
Global plastic waste has skyrocketed from 180 million tonnes in the 1990s to over 350 million tonnes today (OECD - OCDE Global Plastics Outlook).,A-Plastic Waste,rePurpose Global posted on the topic,,,https://www.linkedin.com/posts/repurposeglobal_plasticrecovery-environmentalimpact-circulareconomy-activity-7212445541794729984-IGE2,2024-11-23 23:43:22
"Happy Earth Day 2024! This year, let's take a stand for our planet with the theme ""Planet vs. Plastics."" Did you know that the world has generated‚Ä¶",A-Plastic Waste,Raj Gore's Post,,,https://www.linkedin.com/posts/rajgore_sustainable-earthday2024-plasticwaste-activity-7188046739377946625-YvgU,2024-11-23 23:43:22
"Global municipal solidwaste is expected to double by 2050, driven by population growth and increased consumption in emerging markets.",A-Plastic Waste,Mario Sanchez on LinkedIn: #plastic #waste #municipal ...,,,https://www.linkedin.com/posts/mario-sanchez-489b8839_plastic-waste-municipal-activity-7204044504478265344-T4h1,2024-11-23 23:43:22
"In this op-ed for The Jakarta Post, BCG's Arun Rajamani and Kar Min Lim discuss some of Indonesia's roadmaps and initiatives to tackle its plastic burden.",A-Plastic Waste,Boston Consulting Group (BCG)'s Post,,,https://www.linkedin.com/posts/boston-consulting-group_taking-plastics-full-circle-creating-a-sustainable-activity-7194199449965875201-bc06,2024-11-23 23:43:22
We are making a change to our self-sampling test kits. We are transitioning from hard 'clamshell' plastic packaging that we have been using for transporting ...,A-Plastic Waste,How Preventx is reducing its plastic waste,,,https://www.linkedin.com/posts/preventx-limited_sustainability-environment-plasticwaste-activity-7155923415151833088-VLO1,2024-11-23 23:43:22
Only 9% of plastics are recycled due to inefficiencies and contamination. New innovations and systemic changes are crucial to tackle the plastic waste crisis.,A-Plastic Waste,MIT Technology Review's Post,,,https://www.linkedin.com/posts/mit-technology-review_heres-the-problem-with-new-plastic-recycling-activity-7217157226115858434-L2tT,2024-11-23 23:43:22
"But now, thanks to the introduction of community waste banks, Untia is turning the tide on plastic waste. ... plasticwaste #plasticpollution #plasticimpact # ...",A-Plastic Waste,The Circulate Initiative posted on the topic,,,https://www.linkedin.com/posts/thecirculateinitiative_responsiblesourcing-circulareconomy-plasticwaste-activity-7216369560642314240-DhlQ,2024-11-23 23:43:22
"Packaging accounts for almost 40 percent of the total weight of plastic waste generated worldwide, its reduction and recycling is a priority in the fight ...",A-Plastic Waste,Shalini Goyal Bhalla's Post,,,https://www.linkedin.com/posts/shalinigoyalbhalla_infographic-the-world-is-flooded-with-plastic-activity-7214479014034382849-KTYe,2024-11-23 23:43:22
"The unimaginable amount of plastic waste washing up on beaches, polluting coral reefs, and killing marine life is alarming.",A-Plastic Waste,Cyrill Gutsch on LinkedIn: The Plastic Crisis,,,https://www.linkedin.com/posts/cyrill-gutsch-91897410b_the-plastic-crisis-at-parley-for-the-oceans-activity-7173610051113213952-4anG,2024-11-23 23:43:23
Great Win for Circularity! New Tech Promises to Recycle All Plastics Forever Without Separation Plastic recycling at scale has always been hampered by‚Ä¶,A-Plastic Waste,Frederico C. Muzzi's Post,,,https://www.linkedin.com/posts/frederico-muzzi-black-soldier-fly_sustainability-recyclinginnovation-plasticwaste-activity-7191035173096800258-QUjC,2024-11-23 23:43:23
"Every year, humans produce 300 million tonnes of plastic waste, including 11 million tonnes that eventually wind up in the ocean.",A-Plastic Waste,United Nations on LinkedIn: #saveourocean,,,https://www.linkedin.com/posts/united-nations_saveourocean-activity-7176247113402482688-xkKu,2024-11-23 23:43:23
The policies are: mandate new products be made with 40% post-consumer recycled plastic; cap new plastic production at 2020 levels; invest significantly in ...,A-Plastic Waste,"Pure Strategies, Inc.'s Post",,,https://www.linkedin.com/posts/pure-strategies_as-plastic-treaty-talks-near-study-shows-activity-7263223448439513089-oXtT,2024-11-23 23:43:23
Introducing our country fact sheets on investments to tackle plastic pollution: A comprehensive resource which provides data and insights on the key topics ...,A-Plastic Waste,Investments to Tackle Plastics Pollution: Country Fact Sheets,,,https://www.linkedin.com/posts/thecirculateinitiative_investments-to-tackle-plastics-pollution-activity-7186289188755910656-_MZy,2024-11-23 23:43:23
"As one of the most traded goods, #plastic plays a major role in the global economy. As such, efforts to curb its use will create challenges for exporters.",A-Plastic Waste,How to curb plastic pollution in the global economy,,,https://www.linkedin.com/posts/impakter_avoiding-a-trade-crisis-as-countries-look-activity-7231650350779236354-zuEW,2024-11-23 23:43:23
"ONLY 9% of all plastic globally gets recycled! Do what you can to make sure your plastic items get recycled, or better yet avoid using single-use plastics ...",A-Plastic Waste,Don't Waste Group's Post,,,https://www.linkedin.com/posts/don%27t-waste_plasticfreejuly-plastic-reusable-activity-7216682771795107840-1d_c,2024-11-23 23:43:23
"Part of a mega #infographic on plastics everything you need to understand about recycling, bioplastics, compostability, microplastics and things that can ...",A-Plastic Waste,David McCandless on LinkedIn: #infographic,,,https://www.linkedin.com/posts/david-mccandless-4641b54_infographic-activity-7191118138988470272-y8d4,2024-11-23 23:43:23
The NHS uses the most single-use plastic in Europe. But the government has a 'radical' new plan... It's called the 'Design for Life roadmap' and it lays‚Ä¶,A-Plastic Waste,Alex Robinson's Post,,,https://www.linkedin.com/posts/alexjrobinson_environment-sustainability-plastic-activity-7252585380804194305-UyT-,2024-11-23 23:43:23
Thank you for sharing this insightful report on recycling maturity. It's great to see that the Alliance to End Plastic Waste and Roland Berger are taking a ...,A-Plastic Waste,LyondellBasell's Post,,,https://www.linkedin.com/posts/lyondell-basell_climateweeknyc-solutionsforchange-endplasticwaste-activity-7243650256310050816-2kyl,2024-11-23 23:43:23
Plastic packaging and single-use plastics (SUPs) account for 35% of all plastics on the market in 2018. They also make up over 50% of all plastic waste‚Ä¶,A-Plastic Waste,Canada's zero plastic waste strategy,,,https://www.linkedin.com/posts/live-for-tomorrow_plasticfree-reduceplastic-reduceplasticwaste-activity-7202417732959494144-8L-O,2024-11-23 23:43:23
"The Alliance to End Plastic Waste project, HolyGrail 2.0, is developing digital watermarks ‚Äî stamp-sized codes printed on plastic packaging ‚Äî that carry‚Ä¶",A-Plastic Waste,"Han Zhang, Ph.D.'s Post",,,https://www.linkedin.com/posts/han-zhang-ph-d-44063813_is-digital-watermarking-the-future-of-plastic-activity-7209218129015525376-0RT1,2024-11-23 23:43:23
"-This Earth Day the focus is on the global plastic pollution crisis -Plastic waste is everywhere, from the deepest part of the ocean to inside human bodies - ...",A-Plastic Waste,Plastic Bags vs PlasticFri¬Æ üåç Plastic bags contribute ...,,,https://www.linkedin.com/posts/plasticfri_plastic-bags-vs-plasticfri-plastic-activity-7257063310527787008-uQdX,2024-11-23 23:43:23
This is Huge! 100000 kg of Plastic Removed from the Great Pacific Garbage Patch! The Ocean Cleanup has successfully removed 100000 kg of plastic from the‚Ä¶,A-Plastic Waste,Endrit Restelica's Post,,,https://www.linkedin.com/posts/endritrestelica_this-is-huge-100000-kg-of-plastic-removed-activity-7261365741549985792-w6Tb,2024-11-23 23:43:23
"Plastics, often seen as a single material, actually encompass a diverse range of polymers with unique properties and applications.",A-Plastic Waste,BASF on LinkedIn: #ourplasticsjourney #plastics ...,,,https://www.linkedin.com/posts/basf_ourplasticsjourney-plastics-polymerdiversity-activity-7255114797845811200-hjyy,2024-11-23 23:43:23
"We are happy to announce that today we priced our fourth outcome bond, a seven-year $100 million, principal-protected Plastic Waste Reduction-Linked‚Ä¶",A-Plastic Waste,The World Bank Treasury (IBRD ‚Ä¢ IDA)'s Post,,,https://www.linkedin.com/posts/the-world-bank-treasury_reduceplasticwaste-activity-7156061726336004097-06pl,2024-11-23 23:43:23
"Do you want a planet with or without plastic waste? Definitely not! Today, on World Earth Day, we are thrilled to share some uplifting news: Last week, we‚Ä¶",A-Plastic Waste,New Life Plastics Ltd's Post,,,https://www.linkedin.com/posts/new-life-plastics-ltd_milestone-earthday-plasticwaste-activity-7188071391059947520-pRI2,2024-11-23 23:43:23
The September EPR deadline is fast approaching. Are you prepared to meet your environmental obligations and contribute to a cleaner India? ‚ôª Extended‚Ä¶,A-Plastic Waste,Plastics For Change 's Post,,,https://www.linkedin.com/posts/plasticsforchange_epr-sustainability-plasticfree-activity-7229085765119397888-l-w4,2024-11-23 23:43:23
Single-use plastics pose a major environmental threat for several reasons: They are rarely recycled ‚Äì Only about 14% of plastic packaging is collected for ...,A-Plastic Waste,Naser Pouresmaeil's Post,,,https://www.linkedin.com/posts/naser-pouresmaeil-b176aa166_landfill-plastic-environmental-activity-7200398567906119681-uGiD,2024-11-23 23:43:23
Plastic pollution has no place in the environment. Our own Christine Bryant will be joining the INC-4 meeting in Canada to share how designing for ...,A-Plastic Waste,Russell Glorioso's Post,,,https://www.linkedin.com/posts/russellglorioso_plastic-pollution-has-no-place-in-the-environment-activity-7188943762650238976-fC3t,2024-11-23 23:43:23
Abel Abraham Jacob was on a train when he the magnitude of the problem of plastic waste dawned upon him. This sparked his determination to find a solution.,A-Plastic Waste,The Better India's Post,,,https://www.linkedin.com/posts/thebetterindia_innovation-sustainability-plasticwaste-activity-7240290735386746881-t68e,2024-11-23 23:43:23
"I have underlined immediate need for comprehensive globalpolicies - from enhancing plasticwaste management and recycling, to curbing plastic use and waste.",A-Plastic Waste,Dr. Ravindra Utgikar's Post,,,https://www.linkedin.com/posts/dr-ravindra-utgikar-5061a410_environment-biodiversity-plastic-activity-7259765108422180864-Hr6q,2024-11-23 23:43:23
Plastic waste management in urban areas is a significant challenge due to the high volume of waste generated and the complexities involved in its disposal and ...,A-Plastic Waste,Plastic waste management in urban areas is a significant ...,,,https://www.linkedin.com/posts/sanjay-chauhan-4ba358203_plastic-waste-management-in-urban-areas-is-activity-7217912371413970944-cADL,2024-11-23 23:43:23
The upgrade to the customer favorite marks a new milestone for Nilfisk and how we make vacuums PCR (Post-Consumer Recycled) plastic is plastic waste from ...,A-Plastic Waste,Nilfisk's Post,,,https://www.linkedin.com/posts/nilfisk_the-vp300-r-vacuum-made-from-30-recycled-activity-7188522531350331394-bDcA,2024-11-23 23:43:23
Great to see the data proving the NILO concept is coming through. Looking forward to seeing more applications to reduce waste plastic. Like.,A-Plastic Waste,NILO's Post,plasticwaste #binder #woodfibreboard,,https://www.linkedin.com/posts/nilo-ltd_plasticwaste-binder-woodfibreboard-activity-7202188866781421569-skEf,2024-11-23 23:43:23
"The #chemicals and #plastics revolution of the 20th century profoundly shaped modern life, bringing both incredible advancements and significant challenges ...",A-Plastic Waste,IDTechEx on LinkedIn: #chemicals #plastics #sustainability ...,,,https://www.linkedin.com/posts/idtechex_chemicals-plastics-sustainability-activity-7263174759771693056-6om9,2024-11-23 23:43:23
"WWF is looking for a dedicated consultant, or team of consultants, to contribute to our critical work on the global plastic pollution treaty.",A-Plastic Waste,Exciting consultancy role supporting WWF's plastic pollution,,,https://www.linkedin.com/posts/johnandrewduncan_exciting-consultancy-role-supporting-wwfs-activity-7209443074161233920-KFEq,2024-11-23 23:43:23
We can't recycle our way out of the plastics crisis. Only nine percent (9%) of plastic is recycled - and more plastic is burned than recycled. Green Century ...,A-Plastic Waste,Leslie Samuelrich's Post,,,https://www.linkedin.com/posts/leslie-samuelrich_good-news-from-costco-and-us-a-new-plastic-activity-7187154822226169856-IYej,2024-11-23 23:43:23
Ele-Collection is the ultimate solution to all plastic waste.,B-E-waste,Ele-Collection is the ultimate solution to all plastic waste.,,,https://www.linkedin.com/posts/ele-collection-enterprises_ele-collection-is-the-ultimate-solution-to-activity-7154774921804423168-QKgi,2024-11-23 23:43:23
... plasticwaste and want to reduce their impact by localising their #supplychain. We think CROWD-SUD can offer a cost effective and high quality alternative ...,A-Plastic Waste,Dr Jennifer Rao-Williams' Post,,,https://www.linkedin.com/posts/jenniferraowilliams_makingithappen-dundee-plasticwaste-activity-7204159749477552128-PHzn,2024-11-23 23:43:23
"Swing by NPE - The Plastic Show 2024! It's day two at NPE, we're showcasing our sustainable plastic recycling solutions for a circular economy! Stop by‚Ä¶",A-Plastic Waste,Dalmia Polypro Industries Private Limited's Post,,,https://www.linkedin.com/posts/dalmia_npe2024-npetheplasticshow-dalmiapolypro-activity-7193538265415593984-adjc,2024-11-23 23:43:23
... plastic waste. RVMs were installed in the stadiums where ICC Men's ... #plasticwaste #disposal #recycle. No alternative text description for this ...,A-Plastic Waste,The Coca-Cola Company's Post,,,https://www.linkedin.com/posts/the-coca-cola-company_worldwithoutwaste-circulareconomy-recycling-activity-7200825257811718145-sj5s,2024-11-23 23:43:23
From Trash to Treasure: Innovators Reshaping Australia's Plastic Landscape We contribute significantly to plastic usage and Earth's pollution. For example‚Ä¶,A-Plastic Waste,The enviro-tech pioneers trying to shift Australia off plastics,,,https://www.linkedin.com/posts/san-murugesan-60700a9_the-enviro-tech-pioneers-trying-to-shift-activity-7188024985448333315-T_IC,2024-11-23 23:43:23
I believe our priority today should be finding solutions for microplastics and protecting animals on land and in water from plastic pollution.,A-Plastic Waste,RAJESH PAHWA üáÆüá≥ on LinkedIn: #plastic #recycling ...,,,https://www.linkedin.com/posts/rajeshpahwa_plastic-recycling-environment-activity-7231185282698518528-dpva,2024-11-23 23:43:23
"This project showcases the potential for plastics recycling in Indonesia, while the certified blue loan aims to attract more investors into waste management ...",A-Plastic Waste,ALBA Group Asia's Post,,,https://www.linkedin.com/posts/albagroupasia_alba-tridi-plastics-recycling-indonesia-welcomes-activity-7214824716409171968-z4K1,2024-11-23 23:43:23
"TL;DR: I'm launching something new‚ÄîMatched Materials. I f*cking hate plastics. Whenever I walk down a store aisle packed full of plastic, I feel exhausted ...",A-Plastic Waste,Daniel Westcott on LinkedIn: Matched Materials,,,https://www.linkedin.com/posts/daniel-j-westcott_matched-materials-activity-7241264534705868800-5QwG,2024-11-23 23:43:23
"My guest column in today's Odia NewsPaper Prameya ‚Äú‡¨è.‡¨Ü‡¨á. ‡¨è‡¨¨‡¨Ç ‡¨™‡≠ç‡¨≤‡¨æ‡¨∑‡≠ç‡¨ü‡¨ø‡¨ï ‡¨¨‡¨∞‡≠ç‡¨ú‡≠ç‡≠ü‡¨¨‡¨∏‡≠ç‡¨§‡≠Å ‡¨™‡¨∞‡¨ø‡¨ö‡¨æ‡¨≥‡¨®‡¨æ (AI & Plastic Waste Management)‚Äù, If interest, may please read &‚Ä¶",A-Plastic Waste,Dr. Piyush Ranjan Rout,,,https://www.linkedin.com/posts/dr-piyush-ranjan-rout-9681027_urbanplanning-plasticwaste-artificialinteligence-activity-7223586061300461569-CQBR,2024-11-23 23:43:23
... plastic waste. This initiative follows our successful ... ‚ôªÔ∏è #Sustainability #Recycling #Collaboration #Valipac #Valorlux #PlasticWaste #CircularEconomy.,A-Plastic Waste,sustainability #recycling #collaboration #valipac #valorlux ...,,,https://www.linkedin.com/posts/val-i-pac_sustainability-recycling-collaboration-activity-7257692816959574016-thDC,2024-11-23 23:43:24
You've done incredible work understanding plastic recycling costs and optimizing lits operations. This gives a fairer Extended Producer Responsibility (EPR) ...,A-Plastic Waste,Irdanto Saputra Lase's Post,,,https://www.linkedin.com/posts/irdantosaputra_exposing-the-pitfalls-of-plastics-mechanical-activity-7236623333151117312-BAaj,2024-11-23 23:43:24
We had a great time connecting with everyone at Plastics Recycling LATAM! Thank you for making the event a success and for your continued support. At the‚Ä¶,A-Plastic Waste,Nexeo Plastics' Post,,,https://www.linkedin.com/posts/nexeoplastics_sustainability-plasticsrecyclinglatam-activity-7240115681197703168-RH5k,2024-11-23 23:43:24
Map shows the quantity of plastic waste generated in Indian states. The first map shows the numbers based on total plastic waste generated per capita and ...,A-Plastic Waste,Jyoti Singh on LinkedIn: #map #earthday #planetvsplastic,,,https://www.linkedin.com/posts/jyotisingh26_map-earthday-planetvsplastic-activity-7188099584831688704-aJs1,2024-11-23 23:43:24
"Today, October 28th, 2024, marked the start of the 2-day ASEAN Conference for Combating Plastic Pollution (ACCPP). This event brought together key ...",A-Plastic Waste,Regional Knowledge Centre for Marine Plastic Debris' Post,,,https://www.linkedin.com/posts/regional-knowledge-centre-for-marine-plastic-debris_asean-conference-plasticpollution-activity-7256635182256934912-m08F,2024-11-23 23:43:24
"The Ocean's Secret Plastic Eaters Scientists have discovered fungus that can eat plastic! Deep beneath the ocean's surface, something extraordinary is‚Ä¶",A-Plastic Waste,Pir Arkam's Post,,,https://www.linkedin.com/posts/pirarkam_the-oceans-secret-plastic-eaters-scientists-activity-7238148955534950401-9i3P,2024-11-23 23:43:24
Be part of the movement towards a sustainable future! Exhibit at The Global Conclave on Plastic Recycling and Sustainability and showcase your innovative‚Ä¶,A-Plastic Waste,The All India Plastics Manufacturers Association's Post,,,https://www.linkedin.com/posts/the-all-india-plastics-manufacturers-association_plasticrecycling-sustainability-globalconclave-activity-7162730828962164736-EUED,2024-11-23 23:43:24
The CII Conference on #Sustainability & #Plastics will focus on the crucial challenges and innovative solutions in the plastics industry.,A-Plastic Waste,CII Conference on Sustainability & Plastics,,,https://www.linkedin.com/posts/ashneet-gahlawat-0803_sustainability-plastics-sustainability-activity-7217166905919381507-ZUO1,2024-11-23 23:43:24
Let's Get Serious About Plastic Recycling! ‚ôªÔ∏è Recycling plastic is one of the easiest ways to help our planet. Join us at Nashik Waste Management‚Ä¶,A-Plastic Waste,Nashik Waste Management Pvt. Ltd. posted on the topic,,,https://www.linkedin.com/posts/nashik-waste-management-pvt-ltd_plasticrecycling-recycleright-nashikgoesgreen-activity-7213911808493965312-tFSD,2024-11-23 23:43:24
"I appreciate the printing of the recycle value of plastic bottle rail neer, packaged drinking water served by IRCTC.Can we say a sustainable solution for use of ...",A-Plastic Waste,Dr SM Yadav's Post,,,https://www.linkedin.com/posts/dr-s-m-yadav-682b2591_the-recycle-value-of-this-plastic-bottle-activity-7205056427139174400-xVjY,2024-11-23 23:43:24
"glass is not like plastics‚Ä¶but paper really how come it is sustainable when they cut trees‚Ä¶even one say recycled paper do they at what is cost for recycle, ...",A-Plastic Waste,CNBC-TV18's Post,,,https://www.linkedin.com/posts/cnbc-tv18_alcohol-johniewalker-green-activity-7255601284366356480-OX05,2024-11-23 23:43:24
Big congratulations to Mark Victory for the launch of the Recycled Polyolefin Agglomerates price this week as part of the ICIS Mixed Plastic Waste‚Ä¶,A-Plastic Waste,Matt Tudball on LinkedIn: ICIS launches Europe recycled ...,,,https://www.linkedin.com/posts/matttudball_icis-launches-europe-recycled-polyolefin-activity-7247252963059011588-X0SS,2024-11-23 23:43:24
They are influential. Laws designed to hold polluters responsible for plastic waste have been pushed back due to industry lobbying. Singapore's sustainability ...,A-Plastic Waste,Robin Hicks' Post,,,https://www.linkedin.com/posts/robin-hicks-328a362_on-a-poster-promoting-singaporespublic-activity-7201404228479692800-53C-,2024-11-23 23:43:24
"#WWF #EPR #Sustainability #CircularEconomy #PlasticWaste Thank you to all that joined! Soohyun Jessica Jun, Jessica Chia, Yumi Nishikawa Reska Fadila ...",A-Plastic Waste,Lucy Polhill's Post,,,https://www.linkedin.com/posts/lucy-polhill-a2815a133_wwf-epr-sustainability-activity-7255572956888625152-BgtD,2024-11-23 23:43:24
So Manuel H√§u√üler is solving plastic for us. What did you do this summer? Look at this 100% recyclable plastic material made out of... larvae juice?? In‚Ä¶,A-Plastic Waste,Carla Ostmann's Post,,,https://www.linkedin.com/posts/carla-ostmann-36595316a_so-manuel-h%C3%A4u%C3%9Fler-is-solving-plastic-for-activity-7244585668079697921-C9QU,2024-11-23 23:43:24
... #plasticrecycling #recycler #plasticwaste #waste #wastemanagement. No alternative text description for this image. 20 ¬∑ Like Comment. Share. Copy; LinkedIn,A-Plastic Waste,Let's Recycle It Limited's Post,,,https://www.linkedin.com/posts/lets-recycle-it-limited_plasticrecycling-recycler-plasticwaste-activity-7181218804583018496-pkLt,2024-11-23 23:43:24
"Tackling Improper Waste Management in Masaka Town Masaka Town Council faces serious waste management issues, with plastics, polythene, and household waste‚Ä¶",A-Plastic Waste,james kwikiriza's Post,,,https://www.linkedin.com/posts/james-kwikiriza-a98029298_tackling-ngni-plasticwaste-activity-7263247799931076608-PEeb,2024-11-23 23:43:24
"This is a significant move to reduce the use of virgin plastic by Aldi UK. By reducing our reliance on virgin plastic, we're not just minimizing ...",A-Plastic Waste,Ramniwas M.'s Post,,,https://www.linkedin.com/posts/ramniwasmeena_aldi-switches-to-100-recycled-plastic-bottles-activity-7189883941418332160-6YiS,2024-11-23 23:43:24
"This post shall be on Plastic Waste Management! Learn about Plastic Waste Management Rules, 2016, Responsibilities under the Rules, 4Rs of Plastic Waste ...",A-Plastic Waste,Centre for Environmental Law Education Research & ...,,,https://www.linkedin.com/posts/ceera_plasticfree-plastic-plasticwaste-activity-7158779924105887744-Tlwt,2024-11-23 23:43:24
Incredibly excited for the launch of Breaking Inc. and to embark on a journey to address the global plastic waste problem. This milestone has been a huge ...,A-Plastic Waste,"Sukanya Punthambaker, Ph.D.'s Post",,,https://www.linkedin.com/posts/sukanya-punthambaker-ph-d-7604144_plastic-degradation-company-breaking-emerges-activity-7186440608645795841-1g_X,2024-11-23 23:43:24
"Did you know that plastic waste is the biggest type of waste in Indonesia? It makes up 18.9% of all waste, according to the National Waste Management‚Ä¶",A-Plastic Waste,Godrej Consumer Products Limited's Post,,,https://www.linkedin.com/posts/godrej-consumer-products-ltd_worldenvironmentday-godrejindonesia-godrejgoodandgreen-activity-7215935209798549504-1wBI,2024-11-23 23:43:24
"Plastic cutting boards may pose several health risks due to bacteria buildup, chemical leaching, and microplastic release.",A-Plastic Waste,Bisrat Hailemeskel's Post,,,https://www.linkedin.com/posts/bisrat-hailemeskel-a7291269_stop-using-plastic-cutting-boards-immediately-activity-7240886031716163584-koLr,2024-11-23 23:43:24
Let's make this world Plastic Pollution free. d2w is the best solution to Plastic Pollution. It biodegrades the plastic into the environment like a leaf‚Ä¶,A-Plastic Waste,Amir Younus' Post,,,https://www.linkedin.com/posts/amir-younus-3a076312_green-environment-healthy-activity-7168049499154714625-HU4u,2024-11-23 23:43:24
"This international treaty has the potential to significantly reduce plastic production, promote responsible waste management, and hold polluters accountable.",A-Plastic Waste,A Turning Point for Global Plastic Pollution Treaty (2024),,,https://www.linkedin.com/posts/plasticsforchange_inc-4-a-turning-point-for-global-plastic-activity-7188524926469914625-lgb-,2024-11-23 23:43:24
"142 injection pens into a plastic chair. Here's one of our plastic experts, Niels, explaining just that ‚Äì and how we work to avoid waste from our pens ending ...",A-Plastic Waste,Novo Nordisk's Post,,,https://www.linkedin.com/posts/novo-nordisk_novonordisk-drivingchange-recycling-activity-7250052508671197184-mxkO,2024-11-23 23:43:24
"Plastic waste can take anywhere from 20 to 500 years to decompose, and even then, it never fully disappears; it just gets smaller and smaller.",A-Plastic Waste,"Boretech Environmental Engineering Co.,Ltd.'s Post",,,https://www.linkedin.com/posts/boretechrecycling_plastic-boretech-recycling-activity-7213797094350893056-TIi9,2024-11-23 23:43:24
"India's plastic recycling industry is experiencing significant growth, highlighting the nation's commitment to sustainable waste management.",A-Plastic Waste,India's plastic recycling industry grows,,,https://www.linkedin.com/posts/ester-industries-limited-uttarakhand_sustainability-greentech-circulareconomy-activity-7224987298906439681-l006,2024-11-23 23:43:24
"Neste enhances its chemical recycling capabilities by collaborating with Tepsa Netherlands on the storage and handling of liquefied waste plastic in Rotterdam, ...",A-Plastic Waste,Andreas Teir's Post,,,https://www.linkedin.com/posts/andreasteir_neste-strengthens-chemical-recycling-logistics-activity-7247939625925656576-6dcA,2024-11-23 23:43:24
"This week, leaders are negotiating a new Treaty on Global Plastic Pollution in Ottawa No country can tackle plastic pollution alone But‚Ä¶",A-Plastic Waste,EU Environment and Climate's Post,,,https://www.linkedin.com/posts/eu-environment-climate_plasticstreaty-inc4-beatplasticpollution-activity-7188820045186183168-exIN,2024-11-23 23:43:24
Over 8 million tonnes of plastic waste enters the ocean each year. That's equal to one truckload every minute! Learn how you can help to improve the health of ...,A-Plastic Waste,UN Biodiversity on LinkedIn: #didyouknow,,,https://www.linkedin.com/posts/unbiodiversity_didyouknow-activity-7178254353139412992-jMbg,2024-11-23 23:43:24
"NSW's Plastics Ban has expanded from 1 November! NSW is taking bold steps to reduce single-use plastic production and littering. As of this month, ...",A-Plastic Waste,TerraCycle Australia & New Zealand's Post,,,https://www.linkedin.com/posts/terracycle-australia-new-zealand_terracycle-nswplasticsban-australiarecycling-activity-7263457019712421888-w3Dh,2024-11-23 23:43:24
"Discover how our Asian Beetle machine is already helping alleviate un-recyclable plastic pollution alongside our partners Practical Action in Bangladesh, ...",A-Plastic Waste,Jeffrey Barbee's Post,,,https://www.linkedin.com/posts/jeffrey-barbee-64064954_check-out-what-our-beetle-is-doing-in-bangladesh-activity-7241792661815226368-YZ0v,2024-11-23 23:43:24
This is part of our wider partnership with The Ocean Cleanup launched in 2021 to help prevent plastic waste (https://bit.ly/3xcK2vT). No alternative text ...,A-Plastic Waste,The Coca-Cola Company's Post,,,https://www.linkedin.com/posts/the-coca-cola-company_a-milestone-moment-in-thailand-as-the-ocean-activity-7178330800814231552-wPLe,2024-11-23 23:43:24
Electrochemistry: A Promising New Approach to Plastic Waste Recycling A review in Chemical Science highlights the potential of electrochemistry as an ...,A-Plastic Waste,GREENINTERNATIONAL WORLDLTD posted on the topic ...,,,https://www.linkedin.com/posts/greeninternational-worldltd_electrochemistry-a-promising-new-approach-activity-7241817878184792066-kClO,2024-11-23 23:43:24
"Glimpses of NCR Activity in July: The Importance of Plastic Recycling Today In July, our initiative reached a remarkable milestone in the NCR #region‚Ä¶",A-Plastic Waste,Indian Centre for Plastics in the Environment's Post,,,https://www.linkedin.com/posts/indian-centre-for-plastics-in-the-environment_region-schools-importance-activity-7222493355815890945-L53a,2024-11-23 23:43:24
"Plastic waste recycling firm Corsair has signed an agreement to supply Shell Chemicals Europe BV with pyrolysis oil, a mixed plastic waste feedstock.",A-Plastic Waste,Corsair Group International's Post,,,https://www.linkedin.com/posts/corsairgroup_corsair-corsairgroup-csr-activity-7237817740609126401-2Sel,2024-11-23 23:43:24
"This alarming trend not only destroys the natural habitats of countless species but also contributes to climate change, soil erosion, and the disruption of ...",G-Other Hazardous Waste,EFS-plastics Inc.'s Post,,,https://www.linkedin.com/posts/efs-plastics_wearepcr-postconsumerrecycledresin-pcr-activity-7186415628059054080-ed75,2024-11-23 23:43:24
We have all seen the images of the great pacific plastic garbage patch (the size of Texas) floating in the Pacific... But have you ever wondered how much‚Ä¶,A-Plastic Waste,Chris Bradley,How much plastic is on the ocean floor?,,https://www.linkedin.com/posts/chrismbradley_reuse-oceanboundplastic-sustainablepackaging-activity-7202393867524993024-HAsg,2024-11-23 23:43:24
"""Some 11 million metric tons of plastic enter our oceans each year‚Äîthat's equivalent to at least one dump truck per minute.",A-Plastic Waste,"Seth Larson on LinkedIn: This Earth Day, Plastic Pollution ...",,,https://www.linkedin.com/posts/seth-larson-1a520376_this-earth-day-plastic-pollution-is-among-activity-7188521787440123906-m1K6,2024-11-23 23:43:24
The mission of PLEXPOINDIA is clear: to propel transformative growth within the plastics industry. We achieve this by fostering a dynamic environment that ...,A-Plastic Waste,Anish Patel,Bringing Growth to Plastics Industry‚Ä¶,,https://www.linkedin.com/posts/anishypatel_bringing-growth-to-plastics-industry-activity-7211562248274665472-Cdhr,2024-11-23 23:43:24
The plastics lifecycle is projected to account for 5% of global GHG emissions by 2040. Plastic pollution and climate change are closely linked. What can‚Ä¶,A-Plastic Waste,Alexander Ayertey Odonkor's Post,plastics,,https://www.linkedin.com/posts/alexander-ayertey-odonkor-6a1586122_plastics-activity-7250568538313101312-kyIo,2024-11-23 23:43:24
Plastics Recycling Show Europe 2024 stand A13.,A-Plastic Waste,CALDARA PLAST S.R.L. on LinkedIn: Plastics Recycling ...,,,https://www.linkedin.com/posts/caldaraplast_plastics-recycling-show-europe-2024-stand-activity-7209216587088748545-jNJ1,2024-11-23 23:43:24
"This July, we challenge you to join us in reducing plastic waste. Whether it's carrying a reusable water bottle or coffee cup, not forgetting your reusable ...",A-Plastic Waste,Spring Fibre's Post,,,https://www.linkedin.com/posts/spring-fibre_plasticfreejuly-sustainability-plasticfreejuly-activity-7214236717208240128-_OxI,2024-11-23 23:43:24
Using recycled materials means less demand for finite resources. But how does this process work?‚Äã Post-consumer plastic waste is taken to an advanced‚Ä¶,A-Plastic Waste,Tetra Pak's Post,,,https://www.linkedin.com/posts/tetra-pak_using-recycled-materials-means-less-demand-activity-7212001883136135169-xago,2024-11-23 23:43:24
NREL: The (in)visible plastic pollution problem https://lnkd.in/gdwwK6ac #UCRscience #plastic #plasticwaste #pollution #environment #ucr #ucriverside.,A-Plastic Waste,College of Natural & Agricultural Sciences (CNAS)'s Post,,,https://www.linkedin.com/posts/ucrcnas_nrel-the-invisible-plastic-pollution-problem-activity-7247651647387041793-dRiK,2024-11-23 23:43:25
Device reuse will be an important factor in mitigating the hazardous effects of e-waste on the environment and human health.,B-E-waste,"Onepak, Inc posted on the topic",,,https://www.linkedin.com/posts/onepak_addressing-the-e-waste-crisis-embrace-device-activity-7226717673382891520-FY4M,2024-11-23 23:43:29
"Encouraging e-waste recycling, advocating for longer-lasting products, and supporting proper e-waste management policies are steps we can take to make an ...",B-E-waste,How to fight e-waste and save the planet,,,https://www.linkedin.com/posts/isildurmus_ewaste-digitally-lead-activity-7158086233892499457-pSOc,2024-11-23 23:43:29
"Honored to host the Stakeholders Workshop on E-Waste Management at IIT Indore with the Madhya Pradesh Pollution Control Board (MPPCB) on November 7, 2024.",B-E-waste,Dr. Ashootosh Mandpe's Post,,,https://www.linkedin.com/posts/dr-ashootosh-mandpe-8b333893_sustainability-ewastemanagement-iitindore-activity-7261303327634718721-AGJ9,2024-11-23 23:43:29
CA Finalist || Environmentalist || Passionate about Waste Management || First Person to have started Plastic Waste Management in Satara ||Have collected and ...,A-Plastic Waste,Omkar Ganu's Post,,,https://www.linkedin.com/posts/omkar-ganu_ewastemanagement-sustainability-education-activity-7215917095371350016-8pN4,2024-11-23 23:43:29
Today is International E-Waste Day | October 14 Did you know that only 22.3% of global e-waste is recycled? That leaves millions of tonnes of electronic‚Ä¶,B-E-waste,ERANPC 's Post,,,https://www.linkedin.com/posts/eranpc_internationalewasteday-reducereuserecycle-activity-7251496534440067072-MEj_,2024-11-23 23:43:29
The P&L still drives bad behavior and poor decision making on electronic disposal in many of these countries. Lucrative recycle of E-waste still has a high cost ...,B-E-waste,The Surprisingly Lucrative Business of Recycled E-Waste,,,https://www.linkedin.com/posts/kylemarks_the-surprisingly-lucrative-business-of-recycled-activity-7254114716640296961-jYiN,2024-11-23 23:43:29
With 40 million tons of e-waste generated annually‚Äîabout 800 laptops every second‚Äîit now accounts for 70% of toxic waste while impacting IT budgets and ...,B-E-waste,Pure Storage's Post,,,https://www.linkedin.com/posts/purestorage_data-datastorage-purestorage-activity-7244725860652515328-QYi3,2024-11-23 23:43:29
Radhika Kalia's Post ¬∑ Revolutionizing E-Waste Management: RLG Systems India's Vision and Strategies for 2024 ¬∑ More Relevant Posts ¬∑ Women in Sustainable Waste ...,B-E-waste,Radhika Kalia,Revolutionizing E-Waste Management,,https://www.linkedin.com/posts/radhikakalia_revolutionizing-e-waste-management-rlg-systems-activity-7157702532289466368-Eoor,2024-11-23 23:43:29
"Governments play a crucial role in implementing and enforcing robust e-waste regulations, promoting sustainable practices, and investing in proper waste ...",B-E-waste,Donnerberg on LinkedIn: E-waste management in Germany,,,https://www.linkedin.com/posts/donnerberg_e-waste-management-in-germany-all-you-need-activity-7161008752765087744-52mw,2024-11-23 23:43:29
"Keep e-waste out of landfills by recycling your old electronics with Zolopik. Together, we can reduce pollution and conserve valuable resources.",B-E-waste,Zolopik E-Waste Recycling's Post,,,https://www.linkedin.com/posts/zolopik_ewasterecycling-gogreen-zolopik-activity-7219189362746433536-tmJG,2024-11-23 23:43:29
They must seek help from expert e-waste management companies like Escrappy E-Waste. We will manage the organization's e-waste after the discussion with the ...,B-E-waste,NPEWaste Private Limited's Post,,,https://www.linkedin.com/posts/npe-waste_ewasterecycling-sustainabilityintech-circulareconomy-activity-7164121830897692672-h3bj,2024-11-23 23:43:29
"No Matter how small, Recycle it all. The biggest part of ewaste is small electronics. They make up 38% of all e-waste and account for over 1.5 million tons‚Ä¶",B-E-waste,E Tech E Waste Recycling posted on the topic,,,https://www.linkedin.com/posts/e-tech-e-waste-recycling_sustainableliving-greenliving-recycleewaste-activity-7150297637378740224-_hPv,2024-11-23 23:43:29
Why E-Waste Management Matters: Environmental Impact: E-waste contains ... #GenerationGreen #EWasteManagement #Sustainability #ReduceReuseRecycle.,B-E-waste,"Eco Voice Q & A: Anthony Karam, Founder and CEO of Sircel",,,https://www.linkedin.com/posts/sircel-limited_eco-voice-q-a-anthony-karam-founder-and-activity-7186568125809602561-7qt7,2024-11-23 23:43:29
"Comprehensive Impact Analysis of Authorized E-Waste Recycling: Environmental, Economic, and Social Perspectives: *Environmental Protection: 1. Every year‚Ä¶",B-E-waste,Niraj Hattangdi's Post,,,https://www.linkedin.com/posts/niraj-hattangdi-a025991ba_ewaste-electronicwaste-recycleelectronics-activity-7193403481888612353-u2Lq,2024-11-23 23:43:29
"Praveen Bhargava's Post. View profile for Praveen Bhargava, graphic. Praveen Bhargava. E-Waste Management Professional and Environmental Consultant.",G-Other Hazardous Waste,Praveen Bhargava's Post,,,https://www.linkedin.com/posts/praveen-bhargava-830287213_the-state-wise-e-waste-recycling-gap-can-activity-7240737265704955907-a4x9,2024-11-23 23:43:29
"Before the Labor Day break, the FTKIP research team with an interest in e-waste ... #EwasteManagement #ResearchTeam #FTKIP #JaringMetalIndustries #Sustainability ...",B-E-waste,Al Amin bin Mohamed Sultan,,,https://www.linkedin.com/posts/al-amin-bin-mohamed-sultan-284430a6_ewastemanagement-researchteam-ftkip-activity-7201062126025650176-BvBV,2024-11-23 23:43:29
"Furthermore, its adaptability to diverse battery types enhances its versatility in addressing battery recycling challenges. #circulareconomy #ewastemanagement # ...",E-Battery Waste,New process for recycling Li-ion batteries,,,https://www.linkedin.com/posts/nayaka-g-p-8a23732b_circulareconomy-ewastemanagement-battery-activity-7198739448195362816-Scqz,2024-11-23 23:43:29
... ewastemanagement #ewastedisposal #globalwarming #3Rs #wastemanagementinpakistan #reducereuserecycle #ecwmpl #aarishtalks https://lnkd.in/dUcuzbDB. Hazardous ...,G-Other Hazardous Waste,U. S. Waste Industries Inc. posted on the topic,,,https://www.linkedin.com/posts/u-s-waste-industries_uswaste-wastedisposal-recycling-activity-7173333708593184768-snxf,2024-11-23 23:43:30
"With 2 million tonnes of e-waste generated annually in India, the call for sustainability has never been louder ... #EwasteManagement #SustainableFuture # ...",B-E-waste,Endeavor Recyclers India's Post,,,https://www.linkedin.com/posts/endeavor-recyclers-india_sustainableenergy-reuserecycle-passionateteam-activity-7181548574927675392-RNSi,2024-11-23 23:43:30
Contact sales@lifecycle.plus #EwasteManagement #SustainableBusiness #GreenTechnology #CircularEconomy #ResponsibleRecycling #ITAssetManagement #EwasteSolution # ...,B-E-waste,Jason McNeil's Post,,,https://www.linkedin.com/posts/jason-mcneil-81796527_today-marks-my-last-day-of-a-28-year-journey-activity-7212809599110832128-ZRr9,2024-11-23 23:43:30
... ewaste #recycling #oldelectronics #sustainablefuture #healthierworld #electronicwaste #ewastemanagement #india. Recyling E-Waste. Like Comment. Share. Copy,B-E-waste,E Tech E Waste Recycling posted on the topic,,,https://www.linkedin.com/posts/e-tech-e-waste-recycling_greentomorrow-sustainableliving-reducereuserecycle-activity-7163906250047520768-M9zv,2024-11-23 23:43:30
... e-waste recycling. 3Ô∏è‚É£ Landfill Savior ... #recycleewaste #sustainableliving #greenmovement #etechewasterecycling #ewaste #ewastemanagement.,B-E-waste,E Tech E Waste Recycling's Post,,,https://www.linkedin.com/posts/e-tech-e-waste-recycling_recycleewaste-sustainableliving-greenmovement-activity-7148508342313824256-dVUF,2024-11-23 23:43:30
"By acting together, we can diminish e-waste ... #SustainableIndia #EwasteAwareness #RecycleReuseDonate #Techazar #Ewasterecycling #Ewastemanagement.",B-E-waste,Techazar E Cyclers Pvt Ltd's Post,,,https://www.linkedin.com/posts/tech-azar-e-cyclers-pvt-ltd_sustainableindia-ewasteawareness-recyclereusedonate-activity-7193591313995345920-qPVA,2024-11-23 23:43:30
Electronic Recycling | R2 RIOS NAID Certified | EWASTE+. https://ewaste.com. 4.,B-E-waste,Robert Scott's Post,,,https://www.linkedin.com/posts/robertscott_ecofrendly-cleaning-toucaneco-activity-7255576470406721536-UI-d,2024-11-23 23:43:30
... ewastemanagement #recyclingtechnology #recyclinginternational ... ElektroRecykling S.A./Ewaste PRO. /President of Polish Waste and Recycling Cluster.,B-E-waste,Leon Mishnaevsky Jr.'s Post,,,https://www.linkedin.com/posts/mishn_international-conference-on-sustainable-wind-activity-7242434197791879168-Uzqt,2024-11-23 23:43:30
"... e-waste collection, storage and/or reuse including e-waste ... #ewastemanagement #ewasterecycling #circulareconomy #governmentgrants #grantfunding ...",B-E-waste,SLR Consulting's Post,,,https://www.linkedin.com/posts/slr-consulting_makingsustainabilityhappen-efw-energyfromwaste-activity-7250429323050893312-C7Ah,2024-11-23 23:43:30
Always dispose of your e-waste at certified recycling ... #EWasteManagement #CircularEconomy #GreenActionWeek2024 #SharingCommunity Consumers International.,B-E-waste,How rPET Plastic benefits from landfill waste reduction,,,https://www.linkedin.com/posts/onur-b-800a6024b_the-environmental-benefits-of-rpet-plastic-activity-7203740258910269441-ZHxs,2024-11-23 23:43:30
"... E-waste in India"" has been accepted for presentation at the 15th ICCCNT 2024 ... #Research #Innovation #EwasteManagement #ICCCNT2024 #IITMandi #IIT ...",B-E-waste,Kunal Achintya Reddy posted on the topic,,,https://www.linkedin.com/posts/kunalachintyareddy_research-innovation-ewastemanagement-activity-7207364864887967744-orVZ,2024-11-23 23:43:30
#ewaste #ewastemanagement #ewasterecycling #electronics #electronicwaste #recycleright #recycling #CRR #sustainability. No alternative text description for ...,B-E-waste,LOGSTOR District Heating Solutions' Post,,,https://www.linkedin.com/posts/logstor_logstor-sustainability-recase-activity-7201523255810121728-OJab,2024-11-23 23:43:30
#solarwaste #solarrecycling #lithiunionbattery #lithiunionbatteryrecycling #ewastemanagement #ewastehandling #ewaste #sustainablesolutions #sustainability # ...,B-E-waste,Regain Energies Solutions Private Limited's Post,,,https://www.linkedin.com/posts/regain-energies-solutions-private-limited_activity-7190976000325795840-wL-t,2024-11-23 23:43:30
... ewaste #ewastedisposal #ewastemanagement #sustainability #sustainabilityvlogger #aarishtalks #ecwmpl. Play Video. Video Player is loading. Loaded: 0%. Play,B-E-waste,Go Plant Fleet Services Ltd's Post,,,https://www.linkedin.com/posts/go-plant-fleet-services-ltd_goplant-compliantwastedisposal-sustainability-activity-7166007227533746177-xEZ0,2024-11-23 23:43:30
"Got E-waste? Leave it to us! At Endeavor Recyclers, we're all about ... ewastemanagement #sustainablefuture #makeadifference. No alternative text ...",B-E-waste,Vital Records Control (VRC)'s Post,,,https://www.linkedin.com/posts/vital-records-control-llc_facilityfriday-shreddingforsustainability-activity-7189609458224766977-dckb,2024-11-23 23:43:30
"... E-waste Recycling Plant. This wonderful initiative was led by Panasonic, the ... ewastemanagement #sustainability #highered #recycling ...",B-E-waste,Ecoverva Plant Visit: A Sustainable Odyssey ...,,,https://www.linkedin.com/posts/ecoverva_ecoverva-plant-visit-a-sustainable-odyssey-activity-7173970070463864832-9Zq3,2024-11-23 23:43:30
Pre-processing now mandatory for Hazardous Waste disposal through co-processing at CHWTSDFs. Guidelines provided for Haz & Other waste management in cement ...,G-Other Hazardous Waste,ADR 2025: Key Updates for Asbestos Waste Transport,,,https://www.linkedin.com/posts/stephen-forster-75033015_adr-2025-key-updates-for-asbestos-waste-activity-7242417641083093017-P38E,2024-11-23 23:43:46
"E-waste, or electronic waste, is a growing problem impacting our environment ... ewastemanagement #fumigation #pitcleaning #septictankcleaning ...",B-E-waste,CSG Managing Waste's Post,,,https://www.linkedin.com/posts/csg-managing-waste_sevenoaks-waste-wastetransferstation-activity-7242865119620136960-_qu3,2024-11-23 23:43:31
... e-waste and #lithiumbattery #recycling. They got ... #recyclekaro #sustainabilityeduction #sustainabilityawareness #ewasterecycling #ewastemanagement ...,B-E-waste,Ravishankar Gundlapalli PhD's Post,,,https://www.linkedin.com/posts/ravishankargundlapalli_thank-you-navi-radjou-%E0%AE%A8%E0%AE%B5-%E0%AE%B0%E0%AE%9C-for-your-kind-activity-7194565648679673856-PJV2,2024-11-23 23:43:31
... EWasteManagement #PolicyMatters ¬∑ Solar Power Key To Energy Transition ...,E-Battery Waste,The biggest project in history begins: 52 billion solar ...,,,https://www.linkedin.com/posts/staten-solar_the-biggest-project-in-history-begins-52-activity-7239607369934979072-fbc2,2024-11-23 23:43:31
... https://lnkd.in/ezcTcC4j #ewasterecycling #ewastemanagement #sustainability #battery ¬∑ About. https://grinnerproject.eu ¬∑ 42 ¬∑ Like Comment. Share. Copy,E-Battery Waste,Borealis on LinkedIn: Tackling the ELV Regulation ‚Äì Webinar,,,https://www.linkedin.com/posts/borealis_tackling-the-elv-regulation-webinar-registration-activity-7236705623415906305-55xU,2024-11-23 23:43:31
"Whether it's through recycling e-waste, reducing our carbon footprint, or ... #EWaste #EWasteManagement #ReduceReuseRecycle #GoGreen #SustainableFuture.",B-E-waste,Gravita India Limited's Post,,,https://www.linkedin.com/posts/gravita-india-limited_sustainability-environment-sustainableliving-activity-7235157265517789184-pZj_,2024-11-23 23:43:31
Day 2 at the First Tajik E-Waste Forum: practical tools for #eWaste management. ... #DushanbeEwasteForum #CircularEconomy #eWasteManagement. No alternative text ...,B-E-waste,evoro's Post,,,https://www.linkedin.com/posts/evoro_emergencyresponse-environmentalsafety-activity-7186536416842002432-OLKN,2024-11-23 23:43:31
... e-waste contains valuable materials that can be recovered and reused. ‚ôªÔ∏è ... ewastemanagement #ewaste #environmentalsustainability #electronics ...,B-E-waste,Aptronix India's Post,,,https://www.linkedin.com/posts/aptronixindia_aptronix-apple-appleindia-activity-7154017697431732225-3TnF,2024-11-23 23:43:31
... ewastemanagement #energyconservation #energyefficiency #pvsyst #renewableenergytraining. No alternative text description for this image. 24 ¬∑ Like Comment.,G-Other Hazardous Waste,Environment Protection Training and Research Institute ...,,,https://www.linkedin.com/posts/eptri-india_solarpowerplant-solarwaterheater-solarwaterpump-activity-7216398859562831873-l24k,2024-11-23 23:43:31
"Digital Marketer. 10mo. Report this post; Close menu. Global #Ewastemanagement Market Size, Trends & Growth Opportunity The Global #ewastemanagement Market was ...",E-Battery Waste,Sharon McGuinness,echa #batteriesregulation,,https://www.linkedin.com/posts/dr-sharon-mcguinness_echa-batteriesregulation-activity-7256692692804358144-kh3u,2024-11-23 23:43:31
... #metalrecycling #PaperRecycling #paperrecycling #ewastemanagement. No alternative text description for this image. 1 ¬∑ Like Comment. Share. Copy; LinkedIn,A-Plastic Waste,MYGroup on LinkedIn: #foodwaste #food #simplerrecycling ...,,,https://www.linkedin.com/posts/mygrouprecycles_foodwaste-food-simplerrecycling-activity-7241422888317169664-ZlJO,2024-11-23 23:43:31
"Bridging the #greenskills gap is a major climate solution and economic opportunity. This week, Environmental Defense Fund and AshokaX have partnered to ...",B-E-waste,EDF + Business posted on the topic,,,https://www.linkedin.com/posts/edfbusiness_ashoka-university-and-environmental-defense-activity-7226983331156910081-kldE,2024-11-23 23:43:31
... E-waste. While experts are working to make these devices more environmentally ... EwasteManagement #Orbitronics #SustainableTech #IRMEmployee Iron Mountain ...,B-E-waste,Neeraj Kumar Singal posted on the topic,,,https://www.linkedin.com/posts/nksingal_lithiumionbatteries-sodiumionbatteries-activity-7216739453573189632-nBq6,2024-11-23 23:43:31
#EwasteAwareness #RecycleElectronics #SustainableTech#CircularEconomy #ReduceReuseRecycle #EwasteManagement #GreenTechnology. No alternative text description ...,B-E-waste,Recycle IT (Ireland)'s Post,,,https://www.linkedin.com/posts/recycle-it-ireland-_reduce-waste-reuse-activity-7186291395429593088-F9Lq,2024-11-23 23:43:31
... e-waste management. Why does this matter? Every ... #Techazar #VGaurd #Ewasterecyclingcompanyinindia #Ewastemanagement #PartnershipForThePlanet.,B-E-waste,circularity #loop #textiles #loopamid ...,,,https://www.linkedin.com/posts/loopamid_circularity-loop-textiles-activity-7252302271344963585-iI-P,2024-11-23 23:43:31
... hazardous waste disposal. Here are some common electronics you can recycle in the entertainment industry: - Cameras - Monitors - Gaming Consoles and PCs ...,G-Other Hazardous Waste,Krunal Shah's Post,,,https://www.linkedin.com/posts/krunal-shah-75b139207_tiny-resin-and-sustainable-drift-wood-bluetooth-activity-7157348180840333312-K6pg,2024-11-23 23:43:46
... EwasteManagement #Orbitronics #SustainableTech #IRMEmployee Iron Mountain ¬∑ Forget Electronics: Here ...,E-Battery Waste,Neeraj Kumar Singal's Post,,,https://www.linkedin.com/posts/nksingal_battery-lithiumionbatteries-batterymanufacturer-activity-7175015508893736960-3bH6,2024-11-23 23:43:31
... e-waste and #lithiumbattery #recycling. They got ... #recyclekaro #sustainabilityeduction #sustainabilityawareness #ewasterecycling #ewastemanagement ...,B-E-waste,Pankaj Jhunja posted on the topic,,,https://www.linkedin.com/posts/pankaj-jhunja-4504862_battery-circularity-event-flyer-activity-7239916096261177344-QYsR,2024-11-23 23:43:31
... Ewaste Management Ltd. I Co-founder & ED ... Akshay Jain #investments #recycling #investmentopportunities #ewastemanagement #environment #nselisting.,B-E-waste,Sunny Garg,forbesu30asia #forbesunder30,,https://www.linkedin.com/posts/iamsunnygarg_forbesu30asia-forbesunder30-activity-7196726936167952384-s5wB,2024-11-23 23:43:31
"Amity University Jharkhand signed MoU with OPPO Mobiles India Pvt. Ltd. on January 12, 2024 to organize ""E-Waste Management Awareness Campaign"" in the State ...",B-E-waste,Dr. Ashok K Srivastava's Post,,,https://www.linkedin.com/posts/dr-ashok-k-srivastava-19a5716b_jharkhand-environment-aicte-activity-7151891112427741184-RUNq,2024-11-23 23:43:31
What a beautiful morning for a transport conference ‚òÄÔ∏è! Today I'll be on the plenary panel sharing reflections on 2024 as part of the Better Transport‚Ä¶,A-Plastic Waste,Sarah McMonagle's Post,,,https://www.linkedin.com/posts/sarah-mcmonagle-496b8138_bettertransport-bettertransportconference-activity-7209807734525812737-ZYvj,2024-11-23 23:43:31
... ewaste management chain. From consumer behavior to proper disposal ... ewastemanagement #sustainability #battery ¬∑ About. https://grinnerproject ...,B-E-waste,Celsa Steel UK on LinkedIn: CELSA Recycling,Shredder,,https://www.linkedin.com/posts/celsasteeluk_celsa-recycling-shredder-activity-7213798629638103040-7c6V,2024-11-23 23:43:31
"... E-Waste (Management) Rules, 2022, for entities in the solar sector at a ... #RenewableEnergy #EWasteManagement #Sustainability #SolarEnergy #Compliance.",B-E-waste,SLMG Beverages Pvt Ltd posted on the topic,,,https://www.linkedin.com/posts/slmg-beverages-pvt-ltd_sustainability-renewableenergy-slmgbeverages-activity-7213132047144341505-fmgv,2024-11-23 23:43:31
"Recycle your e-waste with confidence, knowing that your data is safe from breaches. ... #DataDestruction #EWaste #ITAD #DataSecurity #RebootTech #EWasteManagement ...",B-E-waste,Marissa Davey's Post,,,https://www.linkedin.com/posts/marissa-l-davey_valmet-dnae-distributed-control-system-dcs-activity-7183848025901977601-tut8,2024-11-23 23:43:31
... Ewaste #EwasteManagement #GenerationGreen #Sustainability #RecyclingEwaste #GreenChampion #CleanerIndia #HealthierIndia #YouthEmpowerment #Ecowarrior ...,A-Plastic Waste,John Willis on LinkedIn: #plastic #plasticpollution #wales # ...,,,https://www.linkedin.com/posts/john-willis-0926857_plastic-plasticpollution-wales-activity-7218916017735876610-5_Wn,2024-11-23 23:43:31
... #greenmovement #etechewasterecycling #ewaste #ewastemanagement. No alternative text description for this image. Like Comment. Share. Copy; LinkedIn; Facebook,B-E-waste,Payal Yadav,sustainability #greenliving,,https://www.linkedin.com/posts/payal-yadav-5b4aba288_sustainability-greenliving-activity-7175185491405803520-xShF,2024-11-23 23:43:31
#ITAD #ITAssetDisposal #DataSecurity #EwasteManagement #TechDisposal #Compliance #SustainableRecycling #VendorManagement ¬∑ View profile for Frank Milia ...,G-Other Hazardous Waste,Sue V Walsh,Mutual respect is key for RFP process,,https://www.linkedin.com/posts/sue-v-walsh-aa121b311_rfpprocess-lifesciences-vendormanagement-activity-7239287641442070530-l8uc,2024-11-23 23:43:31
New Hair = New Head-shot! Thanks to Sean Phillips at Riverwood Photography. I am so happy with this new photo and feel like I should be on 'The Morning ...,A-Plastic Waste,Laura Ballerini's Post,,,https://www.linkedin.com/posts/lauraballerini_new-hair-new-head-shot-thanks-to-sean-activity-7160759599162101760-4IOp,2024-11-23 23:43:31
... e-waste ... #WasteExpoAU #ANZRP #CircularEconomy #ewasterecycling #ewaste #productstewardship #sustainability #responsiblerecycling #ewastemanagement # ...,B-E-waste,Cornerstone Smart Recycling Limited's Post,,,https://www.linkedin.com/posts/cornerstonesmartrecycling_green-foodwaste-green-activity-7166284229243338753-q9UM,2024-11-23 23:43:32
We urgently need global cooperation and sustainable e-waste management practices to safeguard people and the planet. Let's raise awareness and take action for a ...,B-E-waste,Bahamas Waste's Post,,,https://www.linkedin.com/posts/bahamas-waste_bahamaswaste-wastemangement-newprovidence-activity-7214613973717970945-Iakh,2024-11-23 23:43:32
E-Waste Reduction #education meets innovation! #IITMandi #InnovationInEducation #LabOnBookSeries #ewastemanagement #educationalinnovation ‚Ä¶more. Play ...,B-E-waste,Devanshi Sharma on LinkedIn: Join the Zenora University ...,,,https://www.linkedin.com/posts/devanshi-sharma-19505a332_join-the-zenora-university-movement-zenora-activity-7250873478751371265-eY5L,2024-11-23 23:43:32
"... e-waste management, striving to be the solution to the e-waste ... Ewastemanagement. No alternative text description for this image. 39 1 Comment.",B-E-waste,Insert the Homer Simpson backs into the bush meme.,,,https://www.linkedin.com/posts/franzsiasat_insert-the-homer-simpson-backs-into-the-bush-activity-7217055383855464448-1FAK,2024-11-23 23:43:32
... e-waste and lithium-ion battery recycling company. This dual emphasis on e ... ewastemanagement. No alternative text description for this image. 35 4 ...,B-E-waste,ecoveda Climate's Post,,,https://www.linkedin.com/posts/ecoveda-climate_carboncredits-recyclingindustry-sustainability-activity-7245009084414906368-rkMY,2024-11-23 23:43:32
#greentechnology #greentech #wastemanagement #ewastemanagement #ewaste #ewastedisposal #ewasterecycling #ewasteawareness #electronics #ethics #technology ...,B-E-waste,"Tilde Rosmer, PhD's Post",,,https://www.linkedin.com/posts/tilde-rosmer-phd-6643425_such-a-pleasure-to-share-my-research-and-activity-7157988282310569984-UAzC,2024-11-23 23:43:32
... e-waste and #lithiumbattery #recycling. They got ... #recyclekaro #sustainabilityeduction #sustainabilityawareness #ewasterecycling #ewastemanagement ...,B-E-waste,beVisioneers: The Mercedes-Benz Fellowship's Post,,,https://www.linkedin.com/posts/bevisioneers_sustainability-mumbai-circulareconomy-activity-7229373743637147648-98K6,2024-11-23 23:43:32
#worldphotographyday #ewaste #recycleright #ewastemanagement #wastemanagement #reduce #reuse #recycle. World photography day. 6 ¬∑ Like Comment. Share. Copy,B-E-waste,Kate≈ôina ≈†tƒõp√°nkov√°'s Post,,,https://www.linkedin.com/posts/kate%C5%99ina-%C5%A1t%C4%9Bp%C3%A1nkov%C3%A1-194561ba_forbescz-forbes%C4%8Desko-mlad%C3%A9%C4%8Desko-activity-7185533993704898560-YvDe,2024-11-23 23:43:32
#SustainableDevelopment #CircularEconomy #WEEERecovery #EwasteManagement #ResearchInnovation #WasteToResource ##MetalRecovery #AcademicResearch # ...,A-Plastic Waste,C3 Symposium... RILEM is happy to co-sponsor ...,,,https://www.linkedin.com/posts/rilem-association_c3-symposium-rilem-is-happy-to-co-sponsor-activity-7239905859282042881-RXc0,2024-11-23 23:43:32
"... e-waste recycling centre, every small step makes a difference in ... ‚ôªÔ∏è #enhancinglifeenrichingcommunities #dontletewastegotowaste #ewastemanagement.",B-E-waste,Coca-Cola ThaiNamthip's Post,,,https://www.linkedin.com/posts/thainamthip-limited_cocacola-thainamthip-recycleme-activity-7212035540550832128---M2,2024-11-23 23:43:32
"... e-waste responsibly, contributing to a greener planet and adhering to ... https://lnkd.in/gZbxwBTi #electronicsrecycling #ewastemanagement ...",B-E-waste,Nordomatic on LinkedIn: Automate & Optimize iBOS/iBMS,,,https://www.linkedin.com/posts/nordomatic_automate-optimize-ibosibms-activity-7257038362178449409-tN4m,2024-11-23 23:43:32
#worldphotographyday #ewaste #recycleright #ewastemanagement #wastemanagement #reduce #reuse #recycle. World photography day. 6 ¬∑ Like Comment. Share. Copy,B-E-waste,Dame Andrea Jenkyns' Post,,,https://www.linkedin.com/posts/andreajenkyns_a-massive-thanks-to-the-fabulous-lincoln-activity-7196616008386658305-xzBw,2024-11-23 23:43:32
#worldphotographyday #ewaste #recycleright #ewastemanagement #wastemanagement #reduce #reuse #recycle. World photography day. 6 ¬∑ Like Comment. Share. Copy,B-E-waste,Francisco Motors' Post,,,https://www.linkedin.com/posts/efrancisco-motor-corporation_1987-francisco-passenger-jeepney-in-cagayan-activity-7246695529647120384-tWcP,2024-11-23 23:43:32
#HealthcareSustainability #EwasteManagement #MedicalWaste #SOGOSynergy #GreenHealthcare. No alternative text description for this image. 8 ¬∑ Like Comment. Share.,B-E-waste,Melinda BC,ecotera health,,https://www.linkedin.com/posts/melinda-b-c-533b2a127_ecotera-health-home-microplastic-testing-activity-7238323347002941440-QxAt,2024-11-23 23:43:32
... e-waste but also promoting sustainability in a tech-driven world. ... #WorldEnvironmentDay #SustainableFuture #EwasteManagement #Recycling #CleanTech # ...,B-E-waste,Clarette Teo's Post,,,https://www.linkedin.com/posts/claretteteo_thankful-for-the-opportunity-to-be-part-of-activity-7176795013790531584-oesf,2024-11-23 23:43:32
It's time to take control of corporate e-waste through IndiaAsha's e-waste drive and choose WipeOut for secure data disposal. #datasecurity #ewastemanagement ...,B-E-waste,supratimakaashpaul #supratim #akaash #paul #drpaul‚Ä¶,,,https://www.linkedin.com/posts/supratim-akaash-paul-59b594112_supratimakaashpaul-supratim-akaash-activity-7194144842837368835-rpdN,2024-11-23 23:43:32
... advancements. #NationalTechnologyDay #Innovation #Sustainability #EwasteManagement. No alternative text description for this image. 27 ¬∑ Like Comment. Share.,A-Plastic Waste,Prof. Vivek Polshettiwar's Post,,,https://www.linkedin.com/posts/prof-vivek-polshettiwar-40a5837_ratantata-tata-homibhabha-activity-7250009519521513472-s-pT,2024-11-23 23:43:32
"... e-waste management, or IT asset disposition (ITAD). With this certification ... EWasteManagement. No alternative text description for this image. 12 ¬∑ Like ...",B-E-waste,Litmus Information Systems LLP is now ISO 27001 certified ...,,,https://www.linkedin.com/posts/sandeep-mahimkar-674a44_litmus-information-systems-llp-is-now-iso-activity-7192017548001849344-SReh,2024-11-23 23:43:32
Director Strategic Partnerships ll E-Waste Recycling ll EPR ll Refurbished Laptops ... ewastemanagement #carbonfootprint #uppcb #cpcb #greenenvironment ...,B-E-waste,Brimat ventures' Post,,,https://www.linkedin.com/posts/brimat-ventures-b8965a302_the-rise-of-refurbished-computer-and-refurbished-activity-7226490161650425856-ZfWz,2024-11-23 23:43:32
... e-waste and #lithiumbattery #recycling. They got ... #recyclekaro #sustainabilityeduction #sustainabilityawareness #ewasterecycling #ewastemanagement ...,B-E-waste,"School of Civil Engineering, KIIT DU posted on the topic",,,https://www.linkedin.com/posts/civil-kiit_kiit-environment-civilengineering-activity-7202271122367672321-aV0j,2024-11-23 23:43:32
... E-Waste Management Using Decentralized Marketplace Leveraging Ethereum ... #Research #EwasteManagement #Blockchain #Ethereum #DecentralizedMarketplace ...,B-E-waste,Aditi Sahu's Post,,,https://www.linkedin.com/posts/aditi-sahu-5b5265287_blockchain-emergingtechnology-innovation-activity-7221423817645080578-sFqE,2024-11-23 23:43:32
"... e-waste management, Omega Seiki Private Limited (OSPL), a prominent ... ewastemanagement and lithium-ion battery recycling, have signed an MoU that ...",B-E-waste,Allied Forklift (M) Sdn Bhd's Post,,,https://www.linkedin.com/posts/allied-forklift-mhe-solution_ev-alliedforklift-imow-activity-7205781723287101441-2FMk,2024-11-23 23:43:32
... ewaste #ewastemanagement #fumigation #pitcleaning #septictankcleaning #wastereductionatsource #karachi #wastemanagmentinkarachi #wastemanagementpakistan ...,D-Construction and Demolition Waste,Swachh Bharat Urban's Post,,,https://www.linkedin.com/posts/swachh-bharat-urban_garbagefreecity-wastemanagement-activity-7155883932754870272-IAN3,2024-11-23 23:43:32
... ewaste #ewasterecycling #ewastemanagement #ewastedisposal #segregation #circulareconomy #netzero #inclusiveeconomy #sustainability #metalrecovery #copper ...,B-E-waste,Wejdan Al Thawadi's Post,,,https://www.linkedin.com/posts/wejdan-al-thawadi-351104259_sustainability-industyproject-associatemarketingconsultant-activity-7167497402147446784-fIXY,2024-11-23 23:43:32
E-Waste : Electronic waste includes old gadgets and devices. ... #EcoFriendlyTech #techazar #recycle #EWasteManagement #recyclingmaterials #Electronics # ...,B-E-waste,WeVOIS Labs Pvt. Ltd. 's Post,,,https://www.linkedin.com/posts/wevois_reuse-reduce-recycle-activity-7195990010574114817-LMGW,2024-11-23 23:43:32
... EwasteManagement #TechHeroes #DataProtection #GreenTech #BusinessOperations #SecureDisposal #EnvironmentalResponsibility #ITServices #ADISA #MBHGlobalLtd ...,G-Other Hazardous Waste,Mary Soares' Post,,,https://www.linkedin.com/posts/mary-soares-2977074_volatile-secure-nis2-activity-7204430888485421056-OYTb,2024-11-23 23:43:32
"... E-Waste Management in Jamshedpur, India in January 2016. At that time ... #CircularEconomy #Sustainability #EwasteManagement #WasteToWealth #UQ #IIT ...",D-Construction and Demolition Waste,Indus Towers Limited's Post,,,https://www.linkedin.com/posts/indus-towers-limited_industowers-csr-mahatmaawards-activity-7248257179487535104-SDw9,2024-11-23 23:43:32
... ewasterecycling #ewastemanagement #ewasteawareness #ewaste #ewastedisposal. No alternative text description for this image. 21 3 Comments ¬∑ Like Comment. Share.,B-E-waste,UNFI Charity Classic,"May 21, 2024",,https://www.linkedin.com/posts/unfi_unfi-charity-classic-may-21-2024-activity-7178767864630243328-2w5C,2024-11-23 23:43:32
... e-waste disposal. This not only reduces environmental impact but also boosts ... #ITAD #CSR #SustainableBusiness #EwasteManagement #RecyclingEfforts ...,B-E-waste,Optus on LinkedIn: We recently published our 25th annual ...,,,https://www.linkedin.com/posts/optus_today-we-published-our-25th-annual-sustainability-activity-7213690006052167680-DJtM,2024-11-23 23:43:32
... e-waste recycling. Our growing reliance on ... #SustainableIndia #EwasteAwareness #RecycleReuseDonate #Techazar #Ewasterecycling #Ewastemanagement.,B-E-waste,republicday #greenindia #ewasterecycling #ecoverva,,,https://www.linkedin.com/posts/ecoverva_republicday-greenindia-ewasterecycling-activity-7156533375237849089-_WTA,2024-11-23 23:43:32
... ewastemanagement #ewaste #linkedingrowth #linkedinengagement #carbonemissions #carboncredit #carbonmarket #carbonreduction. Li-ion Battery Matters ‚Ä¢ 3 pages ...,E-Battery Waste,LICO Materials' Post,,,https://www.linkedin.com/posts/licomat_batteryrecycling-circulareconomy-ev-activity-7240564937897459712-8csT,2024-11-23 23:43:32
... #solarpower #circularity #ewastemanagement IQT consulting S.p.A.. No alternative text description for this image. 13 ¬∑ Like Comment. Share. Copy; LinkedIn,B-E-waste,Michael Mrowka's Post,,,https://www.linkedin.com/posts/michael-mrowka-2460ab45_10-years-of-research-and-development-and-activity-7187183190317457409-Ow-D,2024-11-23 23:43:32
... #solarpower #circularity #ewastemanagement IQT consulting S.p.A.. No alternative text description for this image. 13 ¬∑ Like Comment. Share. Copy; LinkedIn,B-E-waste,"Faiz, Sharif & Shinwari LLP posted on the topic",,,https://www.linkedin.com/posts/faiz-sharif-shinwari-llp_alternate-energy-policy-activity-7206229977816539139-YxQd,2024-11-23 23:43:32
"Together, we can turn the tide on e-waste and pave the way for a world where ... ewastemanagement #ewaste #electronics #dubai #uae #dubairecycling. No ...",B-E-waste,Emirates Float Glass LLC's Post,,,https://www.linkedin.com/posts/emirates-float-glass-llc_efg-emiratesfloatglass-makeitintheemirates-activity-7200863712168030208-Dla0,2024-11-23 23:43:32
Managing Director at Suny Group - #Ewaste #LithiumBattery #SolarPanel #Recycling Machinery Manufacturer ... ewastemanagement #Turkey #recyclingindustry. No ...,B-E-waste,RTB CARGO NETHERLANDS B.V. on LinkedIn,,,https://www.linkedin.com/posts/rurtalbahn-benelux-b-v-_rtbcargo-euro9000-steampunk-activity-7206016276421328896-XwfR,2024-11-23 23:43:32
"First year of my Master in Aerospace Engineering at ISAE-SUPAERO is complete! On the 18th of June, I presented with my colleague Carl Spichal our first‚Ä¶",D-Construction and Demolition Waste,Lapo Calosci's Post,,,https://www.linkedin.com/posts/lapo-calosci_first-year-of-my-master-in-aerospace-engineering-activity-7212081357324226560-6t5t,2024-11-23 23:43:32
... advancements. #NationalTechnologyDay #Innovation #Sustainability #EwasteManagement. No alternative text description for this image. 27 ¬∑ Like Comment. Share.,A-Plastic Waste,Marsap Services Pvt. Ltd.'s Post,,,https://www.linkedin.com/posts/marsap-services-pvt.-ltd._iew2024-activity-7160999911293911040-rzcB,2024-11-23 23:43:33
"One simple step could be recycling our e-waste properly, reducing ... #WorldSparrowDay #Conservation #EwasteRecycling #Techazar #Ewastemanagement.",B-E-waste,Green Umbrella Organisation 's Post,,,https://www.linkedin.com/posts/green-umbrella12345_green-umbrella-linkedin-activity-7162421301125615616-vpt8,2024-11-23 23:43:33
"Use stubble for organic fertilizer. Improve soil health. Create biodegradable packaging. Reduce waste. This festive season, let's breathe easy. Say no to ...",H-Other Non-Hazardous Waste,Global Sustainability Alliance's Post,,,https://www.linkedin.com/posts/india-sdgs-impact-summit_risetorevive-timesnowglobalsustainabilityalliance2024-activity-7232363462151045120-bbcD,2024-11-23 23:43:37
"Celebrating the strength, resilience, and brilliance of women in the supply chain on International Women's Day. Here's to the women who lead, inspire, ...",A-Plastic Waste,Christine Kachouh,womenempowerment #sustainability,,https://www.linkedin.com/posts/christine-kachouh_womenempowerment-sustainability-activity-7168310992370663426-4s21,2024-11-23 23:43:37
"*By Type: Solid Hazardous Waste Disposal, Liquid Hazardous Waste Disposal *By Application: Chemical Production, Machine Made, Other *By ...",G-Other Hazardous Waste,Trending Market research reports posted on the topic,,,https://www.linkedin.com/posts/trending-market-research-reports_environment-recycling-transportation-activity-7179470509418364928-dCgd,2024-11-23 23:43:46
We are changing the game in how waste is managed here in North America. This video dives into what the Clean Incinerator is all about.,B-E-waste,Tesla Cybertruck after year in polish waste management ...,,,https://www.linkedin.com/posts/lukasz-czarnowski-2a200241_tesla-cybertruck-after-year-in-polish-waste-activity-7198350068872024066-XkZB,2024-11-23 23:43:37
Eco-friendly: Responsible waste disposal with a zero-tolerance policy for illegal dumping. ... #wastetoresource #RDF #sustainablewaste #BiannaSolutions ‚Ä¶more.,H-Other Non-Hazardous Waste,"PRIME INFRASTRUCTURE CAPITAL, INC. (PRIME INFRA ...",,,https://www.linkedin.com/posts/prime-infrastructure-holdings-corporation_wastemanagement-resourcerecovery-activity-7158363241297940480-zQyh,2024-11-23 23:43:37
"Karla Tower (or Karlatornet), the tallest building in the Nordic region, is making headlines with its stunning new observation deck and cutting-edge‚Ä¶",D-Construction and Demolition Waste,Envac on LinkedIn: #karlatornet #karlatower #innovation # ...,,,https://www.linkedin.com/posts/envacgroup_karlatornet-karlatower-innovation-activity-7232620098895642624-GzHm,2024-11-23 23:43:37
'I am confident in 374Water (NASDAQ: SCWO) and our #AirSCWO technology's ability to revolutionize the waste management and water treatment industries.,B-E-waste,374Water Appoints Chris Gannon as New CEO ...,,,https://www.linkedin.com/posts/374water_374water-appoints-chris-gannon-as-new-ceo-activity-7188519186669719554-AG7I,2024-11-23 23:43:37
Leading the Green Revolution! Filter Concept's Sanand Unit stands tall with its commitment to the Green Building Concept. A testament to sustainability and‚Ä¶,G-Other Hazardous Waste,Filter Concept Pvt. Ltd.'s Post,,,https://www.linkedin.com/posts/filter-concept-pvt-ltd-_filterconcept-greenbuildingcommitment-activity-7183018239461933056-LHj1,2024-11-23 23:43:37
"We've brought our vision for sustainability to life with our new animated character‚ÄîBoxy the Carton! Boxy will take you on a fun journey, highlighting the ...",A-Plastic Waste,Amanda M.'s Post,,,https://www.linkedin.com/posts/amanda-m-00607390_may-the-4th-be-with-you-athens-services-activity-7192619566886195200-pj6-,2024-11-23 23:43:37
Watch to learn how our women make a positive impact of sustainability everyday. #IWD2024 #womeninwaste #sustainablewaste ‚Ä¶more ...,G-Other Hazardous Waste,Amcor's Post,,,https://www.linkedin.com/posts/amcor_iwd2024-inspireinclusion-internationalwomensday-activity-7170810407178190849-3Ele,2024-11-23 23:43:37
"Sr Director, Talent Acquisition | Reworld (formerly Covanta) - a leader in sustainable waste solutions. 8mo.",G-Other Hazardous Waste,Aletta Nyilasi on LinkedIn: Thank you :),,,https://www.linkedin.com/posts/aletta-nyilasi-64249a2b_thank-you-activity-7173075627137339392-31Q4,2024-11-23 23:43:37
"Significant Environmental Benefits: Biogas systems recycle organic waste, converting #methaneemissions into #renewableenergy, thereby reducing reliance on # ...",H-Other Non-Hazardous Waste,a renewable energy source in India,,,https://www.linkedin.com/posts/netzerowired_biogas-in-india-fueling-a-renewable-future-activity-7194637075835494401--vrW,2024-11-23 23:43:37
Watch to learn how our women make a positive impact of sustainability everyday. #IWD2024 #womeninwaste #sustainablewaste ‚Ä¶more ...,G-Other Hazardous Waste,Kristy Tkachuk,youngwomeninenergy #ywesummit,,https://www.linkedin.com/posts/kristy-tkachuk-2686a4199_youngwomeninenergy-ywesummit-activity-7169743074728824832-685I,2024-11-23 23:43:37
"From our sustainable manufacturing practices to our efforts in reducing waste, we're dedicated to making a positive impact on the environment every day. How ...",G-Other Hazardous Waste,"Elisabet Liljeblad, PhD's Post",,,https://www.linkedin.com/posts/elisabet-liljeblad-phd-64678255_dear-linkedin-it-is-time-for-me-to-rip-activity-7169394169688252416-qJTT,2024-11-23 23:43:37
Desert Turfcare is taking a bold step towards sustainability! Introducing our eco-friendly waste collection fleet that includes trucks & bins‚Äîdesigned to ...,H-Other Non-Hazardous Waste,ŸÖŸÜÿ¥Ÿàÿ± Desert Group,Dubai,,https://ae.linkedin.com/posts/desertgroup_desertgroup-desertturfcare-sustainablewaste-activity-7163494356165849088--6il,2024-11-23 23:43:37
"A circular plastic waste model. Startup. Recycle Plastic waste into Eco Friendly, Energy Efficient building blocks. 7mo Edited.",A-Plastic Waste,Dan Bomsztyk's Post,,,https://www.linkedin.com/posts/dan-bomsztyk-18681644_proud-to-have-advised-the-unilever-team-activity-7221140992693805056-aY6-,2024-11-23 23:43:37
Watch to learn how our women make a positive impact of sustainability everyday. #IWD2024 #womeninwaste #sustainablewaste ‚Ä¶more ...,G-Other Hazardous Waste,Aquatrust Water and Ventilation Ltd's Post,,,https://www.linkedin.com/posts/aquatrust-water-%26-air-solutions_internationalwomensday-iwd2024-iwd-activity-7171844535742881795-W5XD,2024-11-23 23:43:37
Watch to learn how our women make a positive impact of sustainability everyday. #IWD2024 #womeninwaste #sustainablewaste ‚Ä¶more ...,D-Construction and Demolition Waste,"Burcu Sagiroglu, MPP's Post",,,https://www.linkedin.com/posts/burcusagiroglu_internationalwomensday-bold-womenandclimate-activity-7171897636550000640-luvU,2024-11-23 23:43:37
This year's theme focuses on the role of women in Sustainable Development Goals. No alternative text description for this image. 8.,D-Construction and Demolition Waste,Saloni Ghodasara,Happy women's day,,https://www.linkedin.com/posts/saloni-ghodasara-417585232_international-womens-day-celebration-at-activity-7171746630533038080-tX-a,2024-11-23 23:43:37
"Urgently Need to Faisalabad Waste Management Company FWMC Jobs 2024 Latest Advertisement -For the local residents of FSD, we bring here Faisalabad Waste‚Ä¶",G-Other Hazardous Waste,Faisalabad Waste Management Company FWMC Jobs ...,,,https://www.linkedin.com/posts/world-pakistan_faisalabad-waste-management-company-fwmc-activity-7213785258943475712--tvW,2024-11-23 23:43:37
How is your office gearing up for the new recycling requirements? ‚ôªÔ∏è Don't delay‚Äîorder your free recycling box today and get ahead of the 2025 regulations ...,A-Plastic Waste,How to prepare for new recycling rules,,,https://www.linkedin.com/posts/terry-bridgman-a5ab9489_new-recycling-rules-start-march-2025is-your-activity-7236711397009633282-NDUi,2024-11-23 23:43:41
"... recycling requirements. Contract Negotiations ‚Äì We will contract the best haulers for Clients along with partners for e-waste, medical waste and recycling ...",B-E-waste,"Decarbonization Strategy & Standards, WW Sustainability",,,https://www.linkedin.com/posts/casey-winn_decarbonization-strategy-standards-ww-activity-7256837105690054657-Otw3,2024-11-23 23:43:41
"... recycling requirements, detailed requirements are made for the entire battery life cycle; The leading companies in the industry are already making ...",E-Battery Waste,Nancy lithium battery pack's Post,,,https://www.linkedin.com/posts/nancy-lithiumbatterypack-ncm-lfp-ess_sustainabledevelopment-lihtiumbattery-activity-7173876097586020353-ZFaK,2024-11-23 23:43:41
... recycling requirements and sell high-purity materials in the aftermarkets. Learn more via Robotics and Automation News > https://lnkd.in/g4XTR-fY #Robotics ...,A-Plastic Waste,Waste Robotics posted on the topic,,,https://www.linkedin.com/posts/wasterobotics_unlock-success-how-to-choose-the-right-robotics-activity-7212109832252768256-b7vT,2024-11-23 23:43:41
Call2Recycle anticipates that at least 61 million Americans will be living in states with new battery recycling requirements by 2027.,E-Battery Waste,"Call2Recycle, Inc.'s Post",,,https://www.linkedin.com/posts/call2recycle_call2recycle-activity-7246580958475223040-4EaK,2024-11-23 23:43:42
"... recycling requirements of various industries. It is suitable for shredding thick and difficult-to-shred materials, such as: electronic waste, plastics ...",D-Construction and Demolition Waste,"MERI, a Division of Logistics Recycling, Inc.'s Post",,,https://www.linkedin.com/posts/meri-inc_lithiumbattery-batteryrecycling-activity-7209614943371882499-JTwA,2024-11-23 23:43:42
"From solar panels to recycling requirements, we explore well-known methods, shedding light on the often-overlooked impact of industrial manipulators ...",D-Construction and Demolition Waste,ABB Electrification's Post,,,https://www.linkedin.com/posts/abb-electrification-products_abb-abbecosolutions-circularity-activity-7187044765975093249-yCik,2024-11-23 23:43:42
Seasoned communications expert | communicating Ontario's recycling requirements with clarity and impact. 9mo Edited. Report this post; Close menu. Ever found ...,A-Plastic Waste,JJ's Waste & Recycling,Australia's Post,,https://www.linkedin.com/posts/jjs-waste-and-recycling_scarborough-westernaustralia-australia-activity-7180710520180629504-hYEh,2024-11-23 23:43:42
Ensuring a balanced relationship between quality and recycling requirements to create a holistic solution. Committing to operate completely climate neutral ...,A-Plastic Waste,Team HR,Caresoft 's Post,,https://www.linkedin.com/posts/team-hr-caresoft_caresoftglobal-worldenvironmentday-csr-activity-7213445682471309316-oUAC,2024-11-23 23:43:42
National recycling week For your timber recycling requirements AP's waste and recycling has you covered. From one off to permanent bulk bins on site or ...,D-Construction and Demolition Waste,New Forest District Council's Post,,,https://www.linkedin.com/posts/new-forest-district-council_the-first-wheelie-bin-has-been-collected-activity-7180519563065753600-xodO,2024-11-23 23:43:42
Ensuring a balanced relationship between quality and recycling requirements to create a holistic solution. Committing to operate completely climate neutral ...,B-E-waste,Celebrating Innovation: BMW Wins 2024 Altair Enlighten ...,,,https://www.linkedin.com/posts/bmw-m_celebrating-innovation-bmw-wins-2024-altair-activity-7226896584720936960-dwBs,2024-11-23 23:43:42
"... recycling requirements. What happened? ""On average, the amount of metal delivered by individuals and companies has decreased by about 40% since the start of ...",D-Construction and Demolition Waste,Antonije Jeremiƒá's Post,,,https://www.linkedin.com/posts/antonije-jeremi%C4%87-b36a72299_ovo-takmi%C4%8Denje-je-bilo-sjajno-iskustvo-i-activity-7176828788406640640-2Uda,2024-11-23 23:43:42
"... recycling requirements. What happened? ""On average, the amount of metal delivered by individuals and companies has decreased by about 40% since the start of ...",A-Plastic Waste,Marc BAGUENIER DESORMEAUX's Post,,,https://www.linkedin.com/posts/marcbaguenierdesormeaux_whatareyoumadeof-joinarkema-innovativematerials-activity-7184917834563547136-AMhL,2024-11-23 23:43:42
"Strong Adaptability: Able to process various types and sizes of scrap cables, suitable for different production and recycling requirements. ‚Ä¶more. Play Video.",A-Plastic Waste,√ñzcan Kasƒ±m AKTA≈û's Post,,,https://www.linkedin.com/posts/ozcan-kasim-aktas_if-mechanical-is-not-enough-electromechanical-activity-7206224969020694529-cKAk,2024-11-23 23:43:42
"... recycling requirements. Contract Negotiations ‚Äì We will contract the best haulers for Clients along with partners for e-waste, medical waste and recycling ...",B-E-waste,Karen L√≥pez R. on LinkedIn: Avolta values Brave,,,https://www.linkedin.com/posts/karen-l%C3%B3pez-r-6842a836_avolta-values-brave-activity-7188086007207010304-Vpn_,2024-11-23 23:43:42
The CO2 footprint is reduced and the compatibility with recycling requirements guaranteed. Investigation reports from Empa Switzerland and Cerib France are ...,B-E-waste,Vincent Vida auf LinkedIn: #upcycling #nachhaltigkeit ...,,,https://de.linkedin.com/posts/vincent-vida_upcycling-nachhaltigkeit-innovation-activity-7227257440327667712-h2EZ,2024-11-23 23:43:42
"Proper hazardous waste disposal protects health and the environment. Implement procedures for segregating, labeling, and storing waste.",G-Other Hazardous Waste,Risk and Safety Solutions' Post,,,https://www.linkedin.com/posts/risk-and-safety-solutions_proper-hazardous-waste-disposal-protects-activity-7211005910465355778-waFq,2024-11-23 23:43:46
"Dive into the complexities of hazardous waste disposal with our Master Guide! As industries expand, it's crucial to stay informed on safe practices. Whether ...",G-Other Hazardous Waste,US Waste Industries Inc.'s Post,,,https://www.linkedin.com/posts/u-s-waste-industries_uswaste-wastedisposal-hazardouswaste-activity-7163564583817842688-WtiM,2024-11-23 23:43:46
... hazardous waste #disposal. This heightened center of attention on waste administration is attributed to the growth in concerns about environmental air ...,G-Other Hazardous Waste,Mazrul Naim's Post,,,https://www.linkedin.com/posts/mazrulnaimsalesandmarketing_dispose-recycling-savings-activity-7161614747581288448-30d3,2024-11-23 23:43:46
... hazardous waste disposal and P-Listed waste disposal. #acutehazardouswaste #wasteguidance ¬∑ Acute P ...,G-Other Hazardous Waste,ANAS GREEN ENVIRONMENT PVT. LTD's Post,,,https://www.linkedin.com/posts/anas-green-environment-pvt-ltd_hazardouswaste-alternativeenergy-wastemanagement-activity-7160881668365467648-mSwF,2024-11-23 23:43:46
... hazardous waste disposal safely? Follow the link to get the complete Hazardous Material Disposal Meeting Kit and make compliance easier. #SafetyNow ...,G-Other Hazardous Waste,Elena Ford's Post,,,https://www.linkedin.com/posts/elena-ford-88403659_join-me-and-jennifer-wolff-as-we-guide-you-activity-7250112462631378944-_4D6,2024-11-23 23:43:46
... hazardous waste disposal in the Omaha area. Our mission is to divert end-of-life vape waste from landfills while spreading awareness and helping bridge the ...,G-Other Hazardous Waste,City of Omaha's Post,,,https://www.linkedin.com/posts/city-of-omaha_are-you-passionate-about-sustainable-waste-activity-7166551026827784193-fe1a,2024-11-23 23:43:46
"... hazardous waste disposal, and environmental protection. Facilities Management professionals must stay updated with these regulations to ensure compliance ...",G-Other Hazardous Waste,Mazrul Naim on LinkedIn: #sharingbymazim,,,https://www.linkedin.com/posts/mazrulnaimsalesandmarketing_sharingbymazim-activity-7183086193629147136-zbmv,2024-11-23 23:43:46
... #ExpertAdvice ¬∑ Hazardous Waste Disposal: Ensuring Safety and Environmental Protection.,G-Other Hazardous Waste,"Will Hewes on LinkedIn: Water Stewardship Manager, WW ...",,,https://www.linkedin.com/posts/will-hewes-61947232_water-stewardship-manager-ww-sustainability-activity-7249934175049244672-3bAb,2024-11-23 23:43:46
... hazardous waste disposal and P-Listed waste disposal. #acutehazardouswaste #wasteguidance ¬∑ Acute P ...,G-Other Hazardous Waste,moses kekana,wasteplan #zerowastetolandfill,,https://www.linkedin.com/posts/moses-kekana-43aa4b62_wasteplan-zerowastetolandfill-activity-7224545916043579392-Z9v2,2024-11-23 23:43:46
... hazardous waste disposal and P-Listed waste disposal. #acutehazardouswaste #wasteguidance ¬∑ Acute P ...,G-Other Hazardous Waste,Initial Medical United Kingdom posted on the topic,,,https://www.linkedin.com/posts/initial-medical-united-kingdom_followthecolourcode-activity-7216350413619372032-gqDF,2024-11-23 23:43:46
... hazardous waste disposal and P-Listed waste disposal. #acutehazardouswaste #wasteguidance ¬∑ Acute P ...,G-Other Hazardous Waste,ALEX LAGUISMA's Post,,,https://www.linkedin.com/posts/alex-laguisma-181b933b_floridablanca-enviro-corp-engineered-sanitary-activity-7210290988202741760-X03B,2024-11-23 23:43:46
... (Hazardous Waste Disposal) (Municipal Waste) (Safe Disposal) (Environmental Compliance) (Sustainability Solutions) (Eco-Friendly Practices) (Circular Economy).,G-Other Hazardous Waste,Sambodhi Research and Communications Pvt. Ltd.'s Post,,,https://www.linkedin.com/posts/sambodhi-research-and-communications-pvt--ltd-_safeguarding-environment-collection-activity-7245069301131452416-Ezf_,2024-11-23 23:43:46
... hazardous waste disposal and P-Listed waste disposal. #acutehazardouswaste #wasteguidance ¬∑ Acute P ...,G-Other Hazardous Waste,Swachh Bharat Urban on LinkedIn: #wastesegregation,,,https://www.linkedin.com/posts/swachh-bharat-urban_wastesegregation-activity-7181624411748278272-xSym,2024-11-23 23:43:46
Take those products to a Household Hazardous Waste Disposal. 2. Make your own green cleaning products using regular household ingredients such as white ...,H-Other Non-Hazardous Waste,David Steinman posted on the topic,,,https://www.linkedin.com/posts/david-steinman-345ba775_pfas-booksworthreading-toxicchemicals-activity-7206007317052444673-M85l,2024-11-23 23:43:46
"... hazardous waste disposal. We provide a full range of services,including waste audits, waste stream analysis, waste reduction strategies, and implementation ...",G-Other Hazardous Waste,Waste Management Society of Nigeria (WAMASON) ...,,,https://www.linkedin.com/posts/waste-management-society-of-nigeria-wamason-lagos-council-b2b66b22b_join-us-at-the-eko-waste-summit-2024-activity-7166393781007667200-z1DL,2024-11-23 23:43:46
"... hazardous waste disposal. New Reportable Segment: In 2023, Waste Management introduced WM Renewable Energy as an individual reportable segment. This ...",G-Other Hazardous Waste,Neil Curtis' Strategic Investment Signals Growth for Evolve ...,,,https://www.linkedin.com/posts/evolve-contract-solutions_neil-curtis-strategic-investment-signals-activity-7192112216345563138-Xzk_,2024-11-23 23:43:46
"Solutions: Employing soil remediation methods such as phytoremediation, adopting organic farming techniques, managing hazardous waste disposal properly, and ...",G-Other Hazardous Waste,Steve Biko Wafula,Tackling Pollution in Nairobi River,,https://www.linkedin.com/posts/steve-biko-wafula-9b852918_tackling-pollution-in-nairobi-river-the-activity-7163069979351879680-SMwx,2024-11-23 23:43:46
"... Hazardous Waste Disposal Site Remedial Program (also known as State Superfund Program, SSF) and the Environmental Restoration Program (ERP); and updates the ...",G-Other Hazardous Waste,Worldwide Holdings Berhad's Post,,,https://www.linkedin.com/posts/worldwide-holdings-berhad_notice-effective-august-1-2024-worldwide-activity-7213429527362830336-p2Dk,2024-11-23 23:43:46
... hazardous waste disposal information. #HutchisonMaintenance #CleaningTips #ProfessionalCleaning #CleaningCompany. No alternative text description for this ...,G-Other Hazardous Waste,South Frontenac Township's Post,,,https://www.linkedin.com/posts/south-frontenac-township_our-household-hazardous-waste-depot-is-now-activity-7181259196296822786-h6R7,2024-11-23 23:43:47
"... hazardous waste disposal, ensuring compliance with EU standards. Global Impact: With 35% of the world's ships owned by European countries and many ...",G-Other Hazardous Waste,Meinhardt Indonesia's Post,,,https://www.linkedin.com/posts/meinhardt-indonesia_albatridiplasticsrecyclingfactory-albagroupasia-activity-7193158413504180224-qs-X,2024-11-23 23:43:47
"The risk assessment gives a bigger picture of all operational risks, including environmental risks, rainwater management, hazardous waste disposal, and ...",G-Other Hazardous Waste,Mohamed Sallam,What is SOP vs RA vs JHA?,,https://www.linkedin.com/posts/mohamed-sallam-b1b4a541_sop-vs-ra-vs-jha-standard-operation-activity-7195712452058066944-f_aH,2024-11-23 23:43:47
Consumers should stop using and dispose of these products at either a local fire department or a hazardous waste disposal facility. Consumers should only ...,G-Other Hazardous Waste,MES Victoria's Post,,,https://www.linkedin.com/posts/mes-victoria-941972188_as-2444-requires-fire-extinguishers-to-be-activity-7199577400978935808-cOpW,2024-11-23 23:43:47
"... hazardous waste disposal. By reintroducing reclaimed materials into the production cycle, battery recycling supports a circular economy focused on ...",E-Battery Waste,Kalayani Deshmukh's Post,,,https://www.linkedin.com/posts/kalayani-deshmukh-304793319_tags-evbatteryrecycling-lithiumionrecycling-activity-7262388989620301824-6w4e,2024-11-23 23:43:47
"The Fort Hall Mine Landfill, located at 1500 N Fort Hall Mine Road in Pocatello, offers free hazardous waste disposal this year from 9 a.m. to 3 p.m. on ...",G-Other Hazardous Waste,Apex Landfill,,,https://www.linkedin.com/posts/stanleyking1969_you-ever-wonder-where-all-that-las-vegas-activity-7183193137618538497-ovLj,2024-11-23 23:43:47
"If anyone thinks that I'm qualified for supervising hazardous waste disposal again, that recruiter definitely needs to be reevaluated or that algorithm needs to ...",G-Other Hazardous Waste,Julian Moss' Post,,,https://www.linkedin.com/posts/julian-moss-08493433_how-to-get-the-employment-you-want-with-the-activity-7218407646050033664-qnd9,2024-11-23 23:43:47
* Responsible Hazardous Waste Disposal to keep our community safe. * Community Health Screenings to address any health impact. * A Sustainable Waste ...,G-Other Hazardous Waste,Pro Lagun's Post,,,https://www.linkedin.com/posts/prolagun_bewoners-bonaire-ge%C3%ABvacueerd-na-grote-brand-activity-7260087520388947968-u79E,2024-11-23 23:43:47
